product_id,product_name,category,sub_category,loss_per_item,region
FUR-FU-10002759,"12-1/2 Diameter Round Wall Clock",Furniture,Furnishings,-4.795,Central
OFF-ST-10000798,"2300 Heavy-Duty Transfer File Systems by Perma","Office Supplies",Storage,-0.250,South
OFF-ST-10000798,"2300 Heavy-Duty Transfer File Systems by Perma","Office Supplies",Storage,-0.250,West
OFF-AP-10002534,"3.6 Cubic Foot Counter Height Office Refrigerator","Office Supplies",Appliances,-153.202,Central
FUR-FU-10003247,"36X48 HARDFLOOR CHAIRMAT",Furniture,Furnishings,-11.119,Central
FUR-FU-10003247,"36X48 HARDFLOOR CHAIRMAT",Furniture,Furnishings,-2.727,East
TEC-MA-10002073,"3D Systems Cube Printer, 2nd Generation, White",Technology,Machines,-285.998,South
FUR-FU-10001935,"3M Hangers With Command Adhesive",Furniture,Furnishings,-0.703,Central
OFF-BI-10003669,"3M Organizer Strips","Office Supplies",Binders,-1.188,East
OFF-BI-10003669,"3M Organizer Strips","Office Supplies",Binders,-1.188,South
FUR-FU-10001085,"3M Polarizing Light Filter Sleeves",Furniture,Furnishings,-2.611,Central
OFF-AP-10004980,"3M Replacement Filter for Office Air Cleaner for 20' x 33' Room","Office Supplies",Appliances,-15.547,Central
FUR-FU-10000260,"6" Cubicle Wall Clock, Black",Furniture,Furnishings,-1.942,Central
TEC-PH-10003645,"Aastra 57i VoIP phone",Technology,Phones,-22.625,East
TEC-PH-10002200,"Aastra 6757i CT Wireless VoIP phone",Technology,Phones,-23.698,East
OFF-BI-10003460,"Acco 3-Hole Punch","Office Supplies",Binders,-1.402,Central
OFF-BI-10003460,"Acco 3-Hole Punch","Office Supplies",Binders,-0.964,East
OFF-AP-10000124,"Acco 6 Outlet Guardian Basic Surge Suppressor","Office Supplies",Appliances,-4.326,Central
OFF-AP-10001947,"Acco 6 Outlet Guardian Premium Plus Surge Suppressor","Office Supplies",Appliances,-9.343,Central
OFF-AP-10004859,"Acco 6 Outlet Guardian Premium Surge Suppressor","Office Supplies",Appliances,-7.717,Central
OFF-AP-10003281,"Acco 6 Outlet Guardian Standard Surge Suppressor","Office Supplies",Appliances,-6.045,Central
OFF-AP-10002684,"Acco 7-Outlet Masterpiece Power Center, Wihtout Fax/Phone Line Protection","Office Supplies",Appliances,-60.790,Central
OFF-BI-10001098,"Acco D-Ring Binder w/DublLock","Office Supplies",Binders,-6.628,Central
OFF-BI-10001098,"Acco D-Ring Binder w/DublLock","Office Supplies",Binders,-4.490,East
OFF-BI-10001098,"Acco D-Ring Binder w/DublLock","Office Supplies",Binders,-4.490,South
OFF-BI-10001628,"Acco Data Flex Cable Posts For Top & Bottom Load Binders, 6" Capacity","Office Supplies",Binders,-3.651,Central
OFF-BI-10001628,"Acco Data Flex Cable Posts For Top & Bottom Load Binders, 6" Capacity","Office Supplies",Binders,-2.608,East
OFF-BI-10000494,"Acco Economy Flexible Poly Round Ring Binder","Office Supplies",Binders,-1.827,Central
OFF-BI-10000494,"Acco Economy Flexible Poly Round Ring Binder","Office Supplies",Binders,-1.305,East
OFF-BI-10003350,"Acco Expandable Hanging Binders","Office Supplies",Binders,-1.531,East
OFF-BI-10003350,"Acco Expandable Hanging Binders","Office Supplies",Binders,-1.531,West
OFF-BI-10000962,"Acco Flexible ACCOHIDE Square Ring Data Binder, Dark Blue, 11 1/2" X 14" 7/8"","Office Supplies",Binders,-5.044,Central
OFF-BI-10000962,"Acco Flexible ACCOHIDE Square Ring Data Binder, Dark Blue, 11 1/2" X 14" 7/8"","Office Supplies",Binders,-3.417,West
OFF-BI-10003708,"Acco Four Pocket Poly Ring Binder with Label Holder, Smoke, 1"","Office Supplies",Binders,-2.608,Central
OFF-BI-10002160,"Acco Hanging Data Binders","Office Supplies",Binders,-1.219,Central
OFF-BI-10002160,"Acco Hanging Data Binders","Office Supplies",Binders,-0.838,East
OFF-ST-10000352,"Acco Perma 2700 Stacking Storage Drawers","Office Supplies",Storage,-1.487,Central
OFF-ST-10000352,"Acco Perma 2700 Stacking Storage Drawers","Office Supplies",Storage,-1.487,East
OFF-ST-10004950,"Acco Perma 3000 Stacking Storage Drawers","Office Supplies",Storage,-0.210,Central
OFF-ST-10004950,"Acco Perma 3000 Stacking Storage Drawers","Office Supplies",Storage,-0.210,South
OFF-ST-10004950,"Acco Perma 3000 Stacking Storage Drawers","Office Supplies",Storage,-0.210,West
OFF-ST-10001558,"Acco Perma 4000 Stacking Storage Drawers","Office Supplies",Storage,-0.812,Central
OFF-ST-10001558,"Acco Perma 4000 Stacking Storage Drawers","Office Supplies",Storage,-0.812,East
OFF-ST-10001558,"Acco Perma 4000 Stacking Storage Drawers","Office Supplies",Storage,-0.812,South
OFF-BI-10001759,"Acco Pressboard Covers with Storage Hooks, 14 7/8" x 11", Dark Blue","Office Supplies",Binders,-0.800,East
OFF-BI-10001525,"Acco Pressboard Covers with Storage Hooks, 14 7/8" x 11", Executive Red","Office Supplies",Binders,-1.334,Central
OFF-BI-10001525,"Acco Pressboard Covers with Storage Hooks, 14 7/8" x 11", Executive Red","Office Supplies",Binders,-0.953,East
OFF-BI-10001525,"Acco Pressboard Covers with Storage Hooks, 14 7/8" x 11", Executive Red","Office Supplies",Binders,-0.953,South
OFF-BI-10003712,"Acco Pressboard Covers with Storage Hooks, 14 7/8" x 11", Light Blue","Office Supplies",Binders,-1.522,Central
OFF-BI-10003712,"Acco Pressboard Covers with Storage Hooks, 14 7/8" x 11", Light Blue","Office Supplies",Binders,-1.031,East
OFF-BI-10003712,"Acco Pressboard Covers with Storage Hooks, 14 7/8" x 11", Light Blue","Office Supplies",Binders,-1.031,South
OFF-BI-10001132,"Acco PRESSTEX Data Binder with Storage Hooks, Dark Blue, 9 1/2" X 11"","Office Supplies",Binders,-1.668,Central
OFF-BI-10001132,"Acco PRESSTEX Data Binder with Storage Hooks, Dark Blue, 9 1/2" X 11"","Office Supplies",Binders,-1.130,East
OFF-BI-10001132,"Acco PRESSTEX Data Binder with Storage Hooks, Dark Blue, 9 1/2" X 11"","Office Supplies",Binders,-1.130,West
OFF-BI-10000822,"Acco PRESSTEX Data Binder with Storage Hooks, Light Blue, 9 1/2" X 11"","Office Supplies",Binders,-1.184,South
OFF-BI-10000279,"Acco Recycled 2" Capacity Laser Printer Hanging Data Binders","Office Supplies",Binders,-4.769,Central
OFF-BI-10000279,"Acco Recycled 2" Capacity Laser Printer Hanging Data Binders","Office Supplies",Binders,-3.324,West
OFF-SU-10000432,"Acco Side-Punched Conventional Columnar Pads","Office Supplies",Supplies,-0.521,Central
OFF-SU-10000432,"Acco Side-Punched Conventional Columnar Pads","Office Supplies",Supplies,-0.521,South
OFF-SU-10000432,"Acco Side-Punched Conventional Columnar Pads","Office Supplies",Supplies,-0.521,West
OFF-AP-10002403,"Acco Smartsocket Color-Coded Six-Outlet AC Adapter Model Surge Protectors","Office Supplies",Appliances,-23.765,Central
OFF-BI-10004022,"Acco Suede Grain Vinyl Round Ring Binder","Office Supplies",Binders,-0.945,Central
OFF-BI-10004022,"Acco Suede Grain Vinyl Round Ring Binder","Office Supplies",Binders,-0.667,East
OFF-BI-10004022,"Acco Suede Grain Vinyl Round Ring Binder","Office Supplies",Binders,-0.667,South
OFF-BI-10000138,"Acco Translucent Poly Ring Binders","Office Supplies",Binders,-1.498,Central
OFF-BI-10000138,"Acco Translucent Poly Ring Binders","Office Supplies",Binders,-1.030,South
OFF-BI-10004970,"ACCOHIDE 3-Ring Binder, Blue, 1"","Office Supplies",Binders,-0.950,East
OFF-BI-10002976,"ACCOHIDE Binder by Acco","Office Supplies",Binders,-0.950,South
OFF-BI-10003196,"Accohide Poly Flexible Ring Binders","Office Supplies",Binders,-1.122,Central
OFF-BI-10003196,"Accohide Poly Flexible Ring Binders","Office Supplies",Binders,-0.748,East
OFF-BI-10003196,"Accohide Poly Flexible Ring Binders","Office Supplies",Binders,-0.748,West
OFF-SU-10002189,"Acme Rosewood Handle Letter Opener","Office Supplies",Supplies,-0.754,East
OFF-SU-10003936,"Acme Serrated Blade Letter Opener","Office Supplies",Supplies,-0.604,South
FUR-FU-10004020,"Advantus Panel Wall Acrylic Frame",Furniture,Furnishings,-0.930,Central
OFF-ST-10000321,"Akro Stacking Bins","Office Supplies",Storage,-1.262,Central
OFF-ST-10000321,"Akro Stacking Bins","Office Supplies",Storage,-1.262,West
OFF-FA-10001883,"Alliance Super-Size Bands, Assorted Sizes","Office Supplies",Fasteners,-1.478,West
OFF-BI-10003707,"Aluminum Screw Posts","Office Supplies",Binders,-4.578,Central
OFF-BI-10003707,"Aluminum Screw Posts","Office Supplies",Binders,-3.052,East
OFF-BI-10003707,"Aluminum Screw Posts","Office Supplies",Binders,-3.052,West
FUR-TA-10003837,"Anderson Hickey Conga Table Tops & Accessories",Furniture,Tables,-4.721,East
FUR-TA-10003837,"Anderson Hickey Conga Table Tops & Accessories",Furniture,Tables,-1.675,West
OFF-BI-10000050,"Angle-D Binders with Locking Rings, Label Holders","Office Supplies",Binders,-2.409,Central
OFF-BI-10000050,"Angle-D Binders with Locking Rings, Label Holders","Office Supplies",Binders,-1.679,East
OFF-BI-10000848,"Angle-D Ring Binders","Office Supplies",Binders,-1.313,East
OFF-BI-10000848,"Angle-D Ring Binders","Office Supplies",Binders,-1.313,South
TEC-PH-10002293,"Anker 36W 4-Port USB Wall Charger Travel Power Adapter for iPhone 5s 5c 5",Technology,Phones,-2.399,East
TEC-PH-10001448,"Anker Astro 15000mAh USB Portable Charger",Technology,Phones,-7.998,West
TEC-PH-10003187,"Anker Astro Mini 3000mAh Ultra-Compact Portable Charger",Technology,Phones,-7.996,East
TEC-PH-10003187,"Anker Astro Mini 3000mAh Ultra-Compact Portable Charger",Technology,Phones,-3.998,West
TEC-AC-10000927,"Anker Ultrathin Bluetooth Wireless Keyboard Aluminum Cover with Stand ",Technology,Accessories,-2.999,East
OFF-AP-10001242,"APC 7 Outlet Network SurgeArrest Surge Protector","Office Supplies",Appliances,-40.240,Central
TEC-PH-10002885,"Apple iPhone 5",Technology,Phones,-84.478,East
TEC-PH-10001363,"Apple iPhone 5S",Technology,Phones,-56.999,East
TEC-PH-10000169,"ARKON Windshield Dashboard Air Vent Car Mount Holder",Technology,Phones,-3.051,Central
TEC-PH-10000169,"ARKON Windshield Dashboard Air Vent Car Mount Holder",Technology,Phones,-3.051,South
TEC-PH-10000576,"AT&T 1080 Corded phone",Technology,Phones,-17.809,East
TEC-PH-10002890,"AT&T 17929 Lendline Telephone",Technology,Phones,-6.334,East
TEC-PH-10004614,"AT&T 841000 Phone",Technology,Phones,-10.350,East
TEC-PH-10004531,"AT&T CL2909",Technology,Phones,-12.599,East
FUR-BO-10002202,"Atlantic Metals Mobile 2-Shelf Bookcases, Custom Colors",Furniture,Bookcases,-7.229,Central
FUR-BO-10002202,"Atlantic Metals Mobile 2-Shelf Bookcases, Custom Colors",Furniture,Bookcases,-98.802,West
FUR-BO-10002545,"Atlantic Metals Mobile 3-Shelf Bookcases, Custom Colors",Furniture,Bookcases,-15.659,Central
FUR-BO-10002545,"Atlantic Metals Mobile 3-Shelf Bookcases, Custom Colors",Furniture,Bookcases,-10.439,Central
FUR-BO-10002545,"Atlantic Metals Mobile 3-Shelf Bookcases, Custom Colors",Furniture,Bookcases,-62.635,East
FUR-BO-10002613,"Atlantic Metals Mobile 4-Shelf Bookcases, Custom Colors",Furniture,Bookcases,-112.392,West
FUR-BO-10001811,"Atlantic Metals Mobile 5-Shelf Bookcases, Custom Colors",Furniture,Bookcases,-6.020,Central
FUR-BO-10001811,"Atlantic Metals Mobile 5-Shelf Bookcases, Custom Colors",Furniture,Bookcases,-120.392,West
OFF-AP-10000828,"Avanti 4.4 Cu. Ft. Refrigerator","Office Supplies",Appliances,-94.110,Central
TEC-PH-10004080,"Avaya 5410 Digital phone",Technology,Phones,-8.159,East
OFF-BI-10003694,"Avery 3 1/2" Diskette Storage Pages, 10/Pack","Office Supplies",Binders,-2.506,East
OFF-BI-10003694,"Avery 3 1/2" Diskette Storage Pages, 10/Pack","Office Supplies",Binders,-2.506,South
OFF-BI-10003694,"Avery 3 1/2" Diskette Storage Pages, 10/Pack","Office Supplies",Binders,-2.506,West
OFF-BI-10002026,"Avery Arch Ring Binders","Office Supplies",Binders,-19.173,Central
OFF-BI-10002026,"Avery Arch Ring Binders","Office Supplies",Binders,-13.363,East
OFF-BI-10002026,"Avery Arch Ring Binders","Office Supplies",Binders,-13.363,South
OFF-BI-10000591,"Avery Binder Labels","Office Supplies",Binders,-0.856,South
OFF-BI-10004654,"Avery Binding System Hidden Tab Executive Style Index Sets","Office Supplies",Binders,-1.731,Central
OFF-BI-10004654,"Avery Binding System Hidden Tab Executive Style Index Sets","Office Supplies",Binders,-1.154,East
OFF-BI-10000546,"Avery Durable Binders","Office Supplies",Binders,-0.893,Central
OFF-BI-10000546,"Avery Durable Binders","Office Supplies",Binders,-0.605,South
OFF-BI-10003981,"Avery Durable Plastic 1" Binders","Office Supplies",Binders,-1.407,Central
OFF-BI-10003981,"Avery Durable Plastic 1" Binders","Office Supplies",Binders,-0.953,East
OFF-BI-10002827,"Avery Durable Poly Binders","Office Supplies",Binders,-1.880,Central
OFF-BI-10002827,"Avery Durable Poly Binders","Office Supplies",Binders,-1.327,East
OFF-BI-10002827,"Avery Durable Poly Binders","Office Supplies",Binders,-1.327,South
OFF-BI-10004465,"Avery Durable Slant Ring Binders","Office Supplies",Binders,-2.376,Central
OFF-BI-10004465,"Avery Durable Slant Ring Binders","Office Supplies",Binders,-1.584,South
OFF-BI-10004465,"Avery Durable Slant Ring Binders","Office Supplies",Binders,-1.584,West
OFF-BI-10003727,"Avery Durable Slant Ring Binders With Label Holder","Office Supplies",Binders,-1.338,Central
OFF-BI-10003727,"Avery Durable Slant Ring Binders With Label Holder","Office Supplies",Binders,-0.920,East
OFF-BI-10003727,"Avery Durable Slant Ring Binders With Label Holder","Office Supplies",Binders,-0.920,South
OFF-BI-10003727,"Avery Durable Slant Ring Binders With Label Holder","Office Supplies",Binders,-0.920,West
OFF-BI-10003274,"Avery Durable Slant Ring Binders, No Labels","Office Supplies",Binders,-1.313,Central
OFF-BI-10003274,"Avery Durable Slant Ring Binders, No Labels","Office Supplies",Binders,-0.915,East
OFF-BI-10003274,"Avery Durable Slant Ring Binders, No Labels","Office Supplies",Binders,-0.915,West
OFF-BI-10001196,"Avery Flip-Chart Easel Binder, Black","Office Supplies",Binders,-7.385,Central
OFF-BI-10001196,"Avery Flip-Chart Easel Binder, Black","Office Supplies",Binders,-5.147,South
OFF-BI-10002571,"Avery Framed View Binder, EZD Ring (Locking), Navy, 1 1/2"","Office Supplies",Binders,-3.293,Central
OFF-BI-10002571,"Avery Framed View Binder, EZD Ring (Locking), Navy, 1 1/2"","Office Supplies",Binders,-2.295,West
OFF-BI-10003305,"Avery Hanging File Binders","Office Supplies",Binders,-1.435,South
OFF-BI-10002309,"Avery Heavy-Duty EZD  Binder With Locking Rings","Office Supplies",Binders,-1.228,South
OFF-BI-10001249,"Avery Heavy-Duty EZD View Binder with Locking Rings","Office Supplies",Binders,-2.169,Central
OFF-BI-10001249,"Avery Heavy-Duty EZD View Binder with Locking Rings","Office Supplies",Binders,-1.531,East
OFF-BI-10002609,"Avery Hidden Tab Dividers for Binding Systems","Office Supplies",Binders,-1.013,Central
OFF-BI-10002609,"Avery Hidden Tab Dividers for Binding Systems","Office Supplies",Binders,-0.715,East
OFF-BI-10001097,"Avery Hole Reinforcements","Office Supplies",Binders,-1.931,Central
OFF-BI-10001097,"Avery Hole Reinforcements","Office Supplies",Binders,-1.308,South
OFF-BI-10001097,"Avery Hole Reinforcements","Office Supplies",Binders,-1.308,West
OFF-BI-10004308,"Avery Legal 4-Ring Binder","Office Supplies",Binders,-4.196,East
OFF-BI-10003476,"Avery Metallic Poly Binders","Office Supplies",Binders,-1.261,East
OFF-BI-10004140,"Avery Non-Stick Binders","Office Supplies",Binders,-1.572,Central
OFF-BI-10004140,"Avery Non-Stick Binders","Office Supplies",Binders,-1.123,South
OFF-BI-10001890,"Avery Poly Binder Pockets","Office Supplies",Binders,-1.146,Central
OFF-BI-10002706,"Avery Premier Heavy-Duty Binder with Round Locking Rings","Office Supplies",Binders,-4.855,Central
OFF-BI-10000404,"Avery Printable Repositionable Plastic Tabs","Office Supplies",Binders,-2.838,Central
OFF-BI-10000474,"Avery Recycled Flexi-View Covers for Binding Systems","Office Supplies",Binders,-5.130,Central
OFF-BI-10000474,"Avery Recycled Flexi-View Covers for Binding Systems","Office Supplies",Binders,-3.527,East
OFF-BI-10000474,"Avery Recycled Flexi-View Covers for Binding Systems","Office Supplies",Binders,-3.527,South
OFF-BI-10002813,"Avery Reinforcements for Hole-Punch Pages","Office Supplies",Binders,-0.693,Central
OFF-BI-10002813,"Avery Reinforcements for Hole-Punch Pages","Office Supplies",Binders,-0.495,East
OFF-BI-10002813,"Avery Reinforcements for Hole-Punch Pages","Office Supplies",Binders,-0.495,West
OFF-BI-10003529,"Avery Round Ring Poly Binders","Office Supplies",Binders,-0.596,East
OFF-BI-10002982,"Avery Self-Adhesive Photo Pockets for Polaroid Photos","Office Supplies",Binders,-2.179,Central
OFF-BI-10002982,"Avery Self-Adhesive Photo Pockets for Polaroid Photos","Office Supplies",Binders,-1.498,East
OFF-BI-10002982,"Avery Self-Adhesive Photo Pockets for Polaroid Photos","Office Supplies",Binders,-1.498,South
OFF-BI-10002982,"Avery Self-Adhesive Photo Pockets for Polaroid Photos","Office Supplies",Binders,-1.498,West
OFF-BI-10002931,"Avery Trapezoid Extra Heavy Duty 4" Binders","Office Supplies",Binders,-8.388,West
OFF-BI-10002794,"Avery Trapezoid Ring Binder, 3" Capacity, Black, 1040 sheets","Office Supplies",Binders,-12.704,Central
OFF-BI-10002794,"Avery Trapezoid Ring Binder, 3" Capacity, Black, 1040 sheets","Office Supplies",Binders,-8.606,East
OFF-BI-10002794,"Avery Trapezoid Ring Binder, 3" Capacity, Black, 1040 sheets","Office Supplies",Binders,-8.606,South
OFF-BI-10002794,"Avery Trapezoid Ring Binder, 3" Capacity, Black, 1040 sheets","Office Supplies",Binders,-8.606,West
OFF-BI-10000201,"Avery Triangle Shaped Sheet Lifters, Black, 2/Pack","Office Supplies",Binders,-0.738,Central
OFF-BI-10000201,"Avery Triangle Shaped Sheet Lifters, Black, 2/Pack","Office Supplies",Binders,-0.492,East
OFF-BI-10000201,"Avery Triangle Shaped Sheet Lifters, Black, 2/Pack","Office Supplies",Binders,-0.492,South
TEC-MA-10000488,"Bady BDG101FRU Card Printer",Technology,Machines,-87.999,Central
OFF-FA-10003472,"Bagged Rubber Bands","Office Supplies",Fasteners,-0.202,West
FUR-TA-10001857,"Balt Solid Wood Rectangular Table",Furniture,Tables,-36.922,South
FUR-TA-10001857,"Balt Solid Wood Rectangular Table",Furniture,Tables,-31.647,South
FUR-TA-10001857,"Balt Solid Wood Rectangular Table",Furniture,Tables,-10.549,West
FUR-TA-10001950,"Balt Solid Wood Round Tables",Furniture,Tables,-138.412,East
FUR-TA-10001950,"Balt Solid Wood Round Tables",Furniture,Tables,-138.412,South
FUR-TA-10003469,"Balt Split Level Computer Training Table",Furniture,Tables,-47.175,Central
FUR-TA-10003469,"Balt Split Level Computer Training Table",Furniture,Tables,-33.300,East
FUR-TA-10003469,"Balt Split Level Computer Training Table",Furniture,Tables,-19.425,East
FUR-TA-10003469,"Balt Split Level Computer Training Table",Furniture,Tables,-47.175,West
FUR-TA-10003469,"Balt Split Level Computer Training Table",Furniture,Tables,-5.550,West
FUR-TA-10004152,"Barricks 18" x 48" Non-Folding Utility Table with Bottom Storage Shelf",Furniture,Tables,-14.112,East
FUR-TA-10004152,"Barricks 18" x 48" Non-Folding Utility Table with Bottom Storage Shelf",Furniture,Tables,-4.032,East
FUR-TA-10004152,"Barricks 18" x 48" Non-Folding Utility Table with Bottom Storage Shelf",Furniture,Tables,-14.112,South
OFF-ST-10003994,"Belkin 19" Center-Weighted Shelf, Gray","Office Supplies",Storage,-8.847,Central
OFF-ST-10003994,"Belkin 19" Center-Weighted Shelf, Gray","Office Supplies",Storage,-8.847,East
OFF-ST-10004804,"Belkin 19" Vented Equipment Shelf, Black","Office Supplies",Storage,-9.781,Central
OFF-ST-10004804,"Belkin 19" Vented Equipment Shelf, Black","Office Supplies",Storage,-9.781,East
OFF-ST-10004804,"Belkin 19" Vented Equipment Shelf, Black","Office Supplies",Storage,-9.781,West
OFF-AP-10001205,"Belkin 5 Outlet SurgeMaster Power Centers","Office Supplies",Appliances,-28.330,Central
OFF-AP-10003971,"Belkin 6 Outlet Metallic Surge Strip","Office Supplies",Appliances,-5.881,Central
OFF-AP-10003278,"Belkin 7-Outlet SurgeMaster Home Series","Office Supplies",Appliances,-7.544,Central
OFF-AP-10001293,"Belkin 8 Outlet Surge Protector","Office Supplies",Appliances,-21.310,Central
OFF-AP-10002191,"Belkin 8 Outlet SurgeMaster II Gold Surge Protector","Office Supplies",Appliances,-31.190,Central
OFF-AP-10000240,"Belkin F9G930V10-GRY 9 Outlet Surge","Office Supplies",Appliances,-27.275,Central
OFF-AP-10000055,"Belkin F9S820V06 8 Outlet Surge","Office Supplies",Appliances,-16.240,Central
OFF-AP-10001563,"Belkin Premiere Surge Master II 8-outlet surge protector","Office Supplies",Appliances,-24.776,Central
TEC-AC-10002600,"Belkin QODE FastFit Bluetooth Keyboard",Technology,Accessories,-3.717,South
TEC-AC-10002718,"Belkin Standard 104 key USB Keyboard",Technology,Accessories,-0.730,Central
TEC-AC-10002718,"Belkin Standard 104 key USB Keyboard",Technology,Accessories,-0.730,South
TEC-AC-10002718,"Belkin Standard 104 key USB Keyboard",Technology,Accessories,-0.730,West
FUR-BO-10004467,"Bestar Classic Bookcase",Furniture,Bookcases,-12.999,Central
FUR-BO-10004467,"Bestar Classic Bookcase",Furniture,Bookcases,-30.997,East
FUR-BO-10004467,"Bestar Classic Bookcase",Furniture,Bookcases,-50.995,West
FUR-TA-10003748,"Bevis 36 x 72 Conference Tables",Furniture,Tables,-22.408,East
FUR-TA-10003748,"Bevis 36 x 72 Conference Tables",Furniture,Tables,-9.959,East
FUR-TA-10004534,"Bevis 44 x 96 Conference Tables",Furniture,Tables,-67.947,Central
FUR-TA-10004534,"Bevis 44 x 96 Conference Tables",Furniture,Tables,-47.357,South
FUR-TA-10002356,"Bevis Boat-Shaped Conference Table",Furniture,Tables,-41.938,East
FUR-TA-10002356,"Bevis Boat-Shaped Conference Table",Furniture,Tables,-15.727,East
FUR-TA-10002356,"Bevis Boat-Shaped Conference Table",Furniture,Tables,-68.149,West
FUR-TA-10002958,"Bevis Oval Conference Table, Walnut",Furniture,Tables,-86.123,Central
FUR-TA-10002958,"Bevis Oval Conference Table, Walnut",Furniture,Tables,-33.927,Central
FUR-TA-10002958,"Bevis Oval Conference Table, Walnut",Furniture,Tables,-60.025,East
FUR-TA-10002958,"Bevis Oval Conference Table, Walnut",Furniture,Tables,-7.829,West
FUR-TA-10000849,"Bevis Rectangular Conference Tables",Furniture,Tables,-49.633,Central
FUR-TA-10000849,"Bevis Rectangular Conference Tables",Furniture,Tables,-35.035,East
FUR-TA-10000849,"Bevis Rectangular Conference Tables",Furniture,Tables,-49.633,West
FUR-TA-10002903,"Bevis Round Bullnose 29" High Table Top",Furniture,Tables,-41.554,East
FUR-TA-10002903,"Bevis Round Bullnose 29" High Table Top",Furniture,Tables,-15.583,East
FUR-TA-10002903,"Bevis Round Bullnose 29" High Table Top",Furniture,Tables,-41.554,South
FUR-TA-10001866,"Bevis Round Conference Room Tables and Bases",Furniture,Tables,-14.343,Central
FUR-TA-10002855,"Bevis Round Conference Table Top & Single Column Base",Furniture,Tables,-13.171,Central
FUR-TA-10002041,"Bevis Round Conference Table Top, X-Base",Furniture,Tables,-69.923,Central
FUR-TA-10002041,"Bevis Round Conference Table Top, X-Base",Furniture,Tables,-34.065,Central
FUR-TA-10002041,"Bevis Round Conference Table Top, X-Base",Furniture,Tables,-51.994,East
FUR-TA-10002041,"Bevis Round Conference Table Top, X-Base",Furniture,Tables,-16.136,West
FUR-CH-10004886,"Bevis Steel Folding Chairs",Furniture,Chairs,-1.919,East
FUR-TA-10002228,"Bevis Traditional Conference Table Top, Plinth Base",Furniture,Tables,-43.337,Central
FUR-TA-10002228,"Bevis Traditional Conference Table Top, Plinth Base",Furniture,Tables,-76.673,East
FUR-TA-10002228,"Bevis Traditional Conference Table Top, Plinth Base",Furniture,Tables,-43.337,East
OFF-BI-10002393,"Binder Posts","Office Supplies",Binders,-1.952,Central
OFF-BI-10002393,"Binder Posts","Office Supplies",Binders,-1.378,East
OFF-BI-10003364,"Binding Machine Supplies","Office Supplies",Binders,-6.417,East
OFF-AP-10004036,"Bionaire 99.97% HEPA Air Cleaner","Office Supplies",Appliances,-7.884,Central
OFF-BI-10002897,"Black Avery Memo-Size 3-Ring Binder, 5 1/2" x 8 1/2"","Office Supplies",Binders,-0.771,East
TEC-PH-10003437,"Blue Parrot B250XT Professional Grade Wireless Bluetooth Headset with",Technology,Phones,-7.499,East
FUR-TA-10004289,"BoxOffice By Design Rectangular and Half-Moon Meeting Room Tables",Furniture,Tables,-80.938,Central
FUR-TA-10004289,"BoxOffice By Design Rectangular and Half-Moon Meeting Room Tables",Furniture,Tables,-70.000,South
FUR-TA-10004289,"BoxOffice By Design Rectangular and Half-Moon Meeting Room Tables",Furniture,Tables,-80.938,West
FUR-TA-10002533,"BPI Conference Tables",Furniture,Tables,-43.815,Central
FUR-TA-10002533,"BPI Conference Tables",Furniture,Tables,-36.513,South
FUR-TA-10002533,"BPI Conference Tables",Furniture,Tables,-29.210,South
FUR-TA-10004256,"Bretford “Just In Time” Height-Adjustable Multi-Task Work Tables",Furniture,Tables,-179.482,Central
FUR-TA-10004256,"Bretford “Just In Time” Height-Adjustable Multi-Task Work Tables",Furniture,Tables,-54.262,West
FUR-TA-10000577,"Bretford CR4500 Series Slim Rectangular Table",Furniture,Tables,-24.375,Central
FUR-TA-10000577,"Bretford CR4500 Series Slim Rectangular Table",Furniture,Tables,-59.196,East
FUR-TA-10000577,"Bretford CR4500 Series Slim Rectangular Table",Furniture,Tables,-76.606,South
FUR-TA-10003569,"Bretford CR8500 Series Meeting Room Furniture",Furniture,Tables,-100.245,Central
FUR-TA-10003569,"Bretford CR8500 Series Meeting Room Furniture",Furniture,Tables,-60.147,East
FUR-TA-10003473,"Bretford Rectangular Conference Table Tops",Furniture,Tables,-63.942,East
FUR-TA-10003473,"Bretford Rectangular Conference Table Tops",Furniture,Tables,-26.329,East
FUR-TA-10003473,"Bretford Rectangular Conference Table Tops",Furniture,Tables,-82.749,South
FUR-TA-10003473,"Bretford Rectangular Conference Table Tops",Furniture,Tables,-101.555,West
OFF-FA-10001135,"Brites Rubber Bands, 1 1/2 oz. Box","Office Supplies",Fasteners,-0.356,East
TEC-MA-10000904,"Brother MFC-9340CDW LED All-In-One Printer, Copier Scanner",Technology,Machines,-106.397,East
FUR-TA-10001889,"Bush Advantage Collection Racetrack Conference Table",Furniture,Tables,-50.905,Central
FUR-TA-10001889,"Bush Advantage Collection Racetrack Conference Table",Furniture,Tables,-93.326,East
FUR-TA-10001889,"Bush Advantage Collection Racetrack Conference Table",Furniture,Tables,-114.537,South
FUR-TA-10001889,"Bush Advantage Collection Racetrack Conference Table",Furniture,Tables,-93.326,South
FUR-TA-10001889,"Bush Advantage Collection Racetrack Conference Table",Furniture,Tables,-135.747,West
FUR-TA-10001705,"Bush Advantage Collection Round Conference Table",Furniture,Tables,-19.134,Central
FUR-TA-10001705,"Bush Advantage Collection Round Conference Table",Furniture,Tables,-51.024,South
FUR-BO-10004015,"Bush Andora Bookcase, Maple/Graphite Gray Finish",Furniture,Bookcases,-33.597,East
FUR-TA-10002622,"Bush Andora Conference Table, Maple/Graphite Gray Finish",Furniture,Tables,-11.969,Central
FUR-TA-10002622,"Bush Andora Conference Table, Maple/Graphite Gray Finish",Furniture,Tables,-29.067,East
FUR-TA-10002622,"Bush Andora Conference Table, Maple/Graphite Gray Finish",Furniture,Tables,-11.969,East
FUR-BO-10000112,"Bush Birmingham Collection Bookcase, Dark Cherry",Furniture,Bookcases,-13.098,Central
FUR-BO-10003660,"Bush Cubix Collection Bookcases, Fully Assembled",Furniture,Bookcases,-103.861,West
FUR-TA-10001771,"Bush Cubix Conference Tables, Fully Assembled",Furniture,Tables,-34.647,East
FUR-BO-10004218,"Bush Heritage Pine Collection 5-Shelf Bookcase, Albany Pine Finish, *Special Order",Furniture,Bookcases,-16.918,Central
FUR-BO-10004218,"Bush Heritage Pine Collection 5-Shelf Bookcase, Albany Pine Finish, *Special Order",Furniture,Bookcases,-14.098,Central
FUR-BO-10004218,"Bush Heritage Pine Collection 5-Shelf Bookcase, Albany Pine Finish, *Special Order",Furniture,Bookcases,-42.294,East
FUR-BO-10002824,"Bush Mission Pointe Library",Furniture,Bookcases,-18.118,Central
FUR-BO-10002206,"Bush Saratoga Collection 5-Shelf Bookcase, Hanover Cherry, *Special Order",Furniture,Bookcases,-12.688,West
FUR-BO-10001798,"Bush Somerset Collection Bookcase",Furniture,Bookcases,-44.533,East
FUR-BO-10001798,"Bush Somerset Collection Bookcase",Furniture,Bookcases,-5.239,South
FUR-BO-10003450,"Bush Westfield Collection Bookcases, Dark Cherry Finish",Furniture,Bookcases,-35.948,West
FUR-BO-10001567,"Bush Westfield Collection Bookcases, Dark Cherry Finish, Fully Assembled",Furniture,Bookcases,-63.617,West
FUR-BO-10003441,"Bush Westfield Collection Bookcases, Fully Assembled",Furniture,Bookcases,-9.088,Central
FUR-BO-10003441,"Bush Westfield Collection Bookcases, Fully Assembled",Furniture,Bookcases,-7.069,Central
FUR-BO-10004709,"Bush Westfield Collection Bookcases, Medium Cherry Finish",Furniture,Bookcases,-5.798,Central
FUR-BO-10004709,"Bush Westfield Collection Bookcases, Medium Cherry Finish",Furniture,Bookcases,-16.234,East
FUR-FU-10004952,"C-Line Cubicle Keepers Polyproplyene Holder w/Velcro Back, 8-1/2x11, 25/Bx",Furniture,Furnishings,-15.875,Central
FUR-FU-10001918,"C-Line Cubicle Keepers Polyproplyene Holder With Velcro Backings",Furniture,Furnishings,-0.993,Central
OFF-BI-10004410,"C-Line Peel & Stick Add-On Filing Pockets, 8-3/4 x 5-1/8, 10/Pack","Office Supplies",Binders,-1.465,East
OFF-BI-10004410,"C-Line Peel & Stick Add-On Filing Pockets, 8-3/4 x 5-1/8, 10/Pack","Office Supplies",Binders,-1.465,South
OFF-BI-10001191,"Canvas Sectional Post Binders","Office Supplies",Binders,-5.347,South
OFF-BI-10001036,"Cardinal EasyOpen D-Ring Binders","Office Supplies",Binders,-1.828,West
OFF-BI-10002194,"Cardinal Hold-It CD Pocket","Office Supplies",Binders,-2.633,Central
OFF-BI-10003355,"Cardinal Holdit Business Card Pockets","Office Supplies",Binders,-1.096,West
OFF-BI-10003429,"Cardinal HOLDit! Binder Insert Strips,Extra Strips","Office Supplies",Binders,-1.962,Central
OFF-BI-10003429,"Cardinal HOLDit! Binder Insert Strips,Extra Strips","Office Supplies",Binders,-1.329,East
OFF-BI-10002103,"Cardinal Slant-D Ring Binder, Heavy Gauge Vinyl","Office Supplies",Binders,-2.955,Central
OFF-BI-10002103,"Cardinal Slant-D Ring Binder, Heavy Gauge Vinyl","Office Supplies",Binders,-2.086,East
OFF-BI-10002103,"Cardinal Slant-D Ring Binder, Heavy Gauge Vinyl","Office Supplies",Binders,-2.086,West
OFF-BI-10002072,"Cardinal Slant-D Ring Binders","Office Supplies",Binders,-1.738,East
OFF-ST-10002344,"Carina 42"Hx23 3/4"W Media Storage Unit","Office Supplies",Storage,-14.576,Central
OFF-ST-10002344,"Carina 42"Hx23 3/4"W Media Storage Unit","Office Supplies",Storage,-14.576,East
OFF-ST-10000736,"Carina Double Wide Media Storage Towers in Natural & Black","Office Supplies",Storage,-12.957,Central
OFF-ST-10000736,"Carina Double Wide Media Storage Towers in Natural & Black","Office Supplies",Storage,-12.957,East
OFF-ST-10000736,"Carina Double Wide Media Storage Towers in Natural & Black","Office Supplies",Storage,-12.957,South
OFF-ST-10001418,"Carina Media Storage Towers in Natural & Black","Office Supplies",Storage,-10.976,Central
OFF-ST-10001418,"Carina Media Storage Towers in Natural & Black","Office Supplies",Storage,-10.976,South
OFF-ST-10001418,"Carina Media Storage Towers in Natural & Black","Office Supplies",Storage,-10.976,West
OFF-ST-10001128,"Carina Mini System Audio Rack, Model AR050B","Office Supplies",Storage,-18.867,East
OFF-ST-10001128,"Carina Mini System Audio Rack, Model AR050B","Office Supplies",Storage,-18.867,West
TEC-AC-10001314,"Case Logic 2.4GHz Wireless Keyboard",Technology,Accessories,-5.999,Central
TEC-AC-10001314,"Case Logic 2.4GHz Wireless Keyboard",Technology,Accessories,-5.999,South
TEC-AC-10001314,"Case Logic 2.4GHz Wireless Keyboard",Technology,Accessories,-5.999,West
OFF-BI-10004224,"Catalog Binders with Expanding Posts","Office Supplies",Binders,-23.548,Central
OFF-BI-10004224,"Catalog Binders with Expanding Posts","Office Supplies",Binders,-16.820,East
OFF-BI-10004224,"Catalog Binders with Expanding Posts","Office Supplies",Binders,-16.820,South
FUR-TA-10001932,"Chromcraft 48" x 96" Racetrack Double Pedestal Table",Furniture,Tables,-89.779,Central
FUR-TA-10001932,"Chromcraft 48" x 96" Racetrack Double Pedestal Table",Furniture,Tables,-57.715,East
FUR-TA-10001932,"Chromcraft 48" x 96" Racetrack Double Pedestal Table",Furniture,Tables,-25.651,East
FUR-TA-10001932,"Chromcraft 48" x 96" Racetrack Double Pedestal Table",Furniture,Tables,-89.779,West
FUR-TA-10003238,"Chromcraft Bull-Nose Wood 48" x 96" Rectangular Conference Tables",Furniture,Tables,-115.706,East
FUR-TA-10003238,"Chromcraft Bull-Nose Wood 48" x 96" Rectangular Conference Tables",Furniture,Tables,-60.608,East
FUR-TA-10003238,"Chromcraft Bull-Nose Wood 48" x 96" Rectangular Conference Tables",Furniture,Tables,-170.804,West
FUR-TA-10000198,"Chromcraft Bull-Nose Wood Oval Conference Tables & Bases",Furniture,Tables,-143.255,East
FUR-TA-10000198,"Chromcraft Bull-Nose Wood Oval Conference Tables & Bases",Furniture,Tables,-143.255,South
FUR-TA-10000198,"Chromcraft Bull-Nose Wood Oval Conference Tables & Bases",Furniture,Tables,-33.059,West
FUR-TA-10000688,"Chromcraft Bull-Nose Wood Round Conference Table Top, Wood Base",Furniture,Tables,-71.891,Central
FUR-TA-10000688,"Chromcraft Bull-Nose Wood Round Conference Table Top, Wood Base",Furniture,Tables,-28.321,Central
FUR-TA-10001539,"Chromcraft Rectangular Conference Tables",Furniture,Tables,-61.612,Central
FUR-TA-10001539,"Chromcraft Rectangular Conference Tables",Furniture,Tables,-37.915,East
FUR-TA-10001095,"Chromcraft Round Conference Tables",Furniture,Tables,-15.686,Central
FUR-TA-10001095,"Chromcraft Round Conference Tables",Furniture,Tables,-33.115,East
FUR-TA-10001095,"Chromcraft Round Conference Tables",Furniture,Tables,-15.686,East
FUR-TA-10001095,"Chromcraft Round Conference Tables",Furniture,Tables,-41.830,South
TEC-MA-10003589,"Cisco 8961 IP Phone Charcoal",Technology,Machines,-54.985,East
TEC-PH-10004667,"Cisco 8x8 Inc. 6753i IP Business Phone System",Technology,Phones,-17.549,East
TEC-MA-10000864,"Cisco 9971 IP Video Phone Charcoal",Technology,Machines,-105.600,East
TEC-MA-10002178,"Cisco CP-7937G Unified IP Conference Station Phone",Technology,Machines,-13.914,South
TEC-PH-10003580,"Cisco IP Phone 7961G-GE VoIP phone",Technology,Phones,-28.155,East
TEC-PH-10001433,"Cisco Small Business SPA 502G VoIP phone",Technology,Phones,-13.334,East
TEC-PH-10002496,"Cisco SPA301",Technology,Phones,-15.599,East
TEC-PH-10003885,"Cisco SPA508G",Technology,Phones,-7.259,East
TEC-PH-10000149,"Cisco SPA525G2 IP Phone - Wireless",Technology,Phones,-2.793,East
TEC-MA-10002412,"Cisco TelePresence System EX90 Videoconferencing Unit",Technology,Machines,-301.846,South
TEC-PH-10001530,"Cisco Unified IP Phone 7945G VoIP phone",Technology,Phones,-51.149,East
OFF-BI-10002498,"Clear Mylar Reinforcing Strips","Office Supplies",Binders,-4.299,East
OFF-BI-10002498,"Clear Mylar Reinforcing Strips","Office Supplies",Binders,-4.299,South
OFF-BI-10002498,"Clear Mylar Reinforcing Strips","Office Supplies",Binders,-4.299,West
TEC-PH-10001795,"ClearOne CHATAttach 160 - speaker phone",Technology,Phones,-61.999,East
TEC-PH-10000141,"Clearsounds A400",Technology,Phones,-9.239,East
TEC-PH-10002170,"ClearSounds CSC500 Amplified Spirit Phone Corded phone",Technology,Phones,-8.399,East
OFF-AP-10001626,"Commercial WindTunnel Clean Air Upright Vacuum, Replacement Belts, Filtration Bags","Office Supplies",Appliances,-2.101,Central
OFF-SU-10000157,"Compact Automatic Electric Letter Opener","Office Supplies",Supplies,-21.476,East
OFF-BI-10003784,"Computer Printout Index Tabs","Office Supplies",Binders,-0.538,Central
OFF-AP-10004336,"Conquest 14 Commercial Heavy-Duty Upright Vacuum, Collection System, Accessory Kit","Office Supplies",Appliances,-29.050,Central
FUR-FU-10003489,"Contemporary Borderless Frame",Furniture,Furnishings,-1.980,Central
FUR-FU-10004909,"Contemporary Wood/Metal Frame",Furniture,Furnishings,-4.040,Central
OFF-ST-10000934,"Contico 72"H Heavy-Duty Storage System","Office Supplies",Storage,-8.196,Central
OFF-ST-10000934,"Contico 72"H Heavy-Duty Storage System","Office Supplies",Storage,-8.196,South
FUR-FU-10001475,"Contract Clock, 14", Brown",Furniture,Furnishings,-5.715,Central
TEC-MA-10000418,"Cubify CubeX 3D Printer Double Head Print",Technology,Machines,-1319.996,East
TEC-MA-10004125,"Cubify CubeX 3D Printer Triple Head Print",Technology,Machines,-959.998,South
TEC-PH-10000347,"Cush Cases Heavy Duty Rugged Cover Case for Samsung Galaxy S5 - Purple",Technology,Phones,-0.644,East
TEC-PH-10000148,"Cyber Acoustics AC-202b Speech Recognition Stereo Headset",Technology,Phones,-4.936,East
TEC-PH-10000148,"Cyber Acoustics AC-202b Speech Recognition Stereo Headset",Technology,Phones,-2.338,West
FUR-FU-10001986,"Dana Fluorescent Magnifying Lamp, White, 36"",Furniture,Furnishings,-15.294,Central
FUR-FU-10001546,"Dana Swing-Arm Lamps",Furniture,Furnishings,-3.738,Central
FUR-FU-10001095,"DAX Black Cherry Wood-Tone Poster Frame",Furniture,Furnishings,-5.826,Central
FUR-FU-10001037,"DAX Charcoal/Nickel-Tone Document Frame, 5 x 7",Furniture,Furnishings,-1.422,Central
FUR-FU-10001424,"Dax Clear Box Frame",Furniture,Furnishings,-2.270,Central
FUR-FU-10004666,"DAX Clear Channel Poster Frame",Furniture,Furnishings,-3.353,Central
FUR-FU-10002396,"DAX Copper Panel Document Frame, 5 x 7 Size",Furniture,Furnishings,-2.264,Central
FUR-FU-10001196,"DAX Cubicle Frames - 8x10",Furniture,Furnishings,-1.731,Central
FUR-FU-10003849,"DAX Metal Frame, Desktop, Stepped-Edge",Furniture,Furnishings,-4.250,Central
FUR-FU-10000758,"DAX Natural Wood-Tone Poster Frame",Furniture,Furnishings,-6.355,Central
FUR-FU-10002445,"DAX Two-Tone Rosewood/Black Document Frame, Desktop, 5 x 7",Furniture,Furnishings,-1.896,Central
FUR-FU-10004053,"DAX Two-Tone Silver Metal Document Frame",Furniture,Furnishings,-3.441,Central
FUR-FU-10000010,"DAX Value U-Channel Document Frames, Easel Back",Furniture,Furnishings,-1.441,Central
FUR-FU-10001473,"DAX Wood Document Frame",Furniture,Furnishings,-3.295,Central
FUR-FU-10000175,"DAX Wood Document Frame.",Furniture,Furnishings,-3.982,Central
FUR-FU-10000277,"Deflect-o DuraMat Antistatic Studded Beveled Mat for Medium Pile Carpeting",Furniture,Furnishings,-37.922,Central
FUR-FU-10004006,"Deflect-o DuraMat Lighweight, Studded, Beveled Mat for Low Pile Carpeting",Furniture,Furnishings,-1.280,South
FUR-FU-10004006,"Deflect-o DuraMat Lighweight, Studded, Beveled Mat for Low Pile Carpeting",Furniture,Furnishings,-1.280,West
FUR-FU-10000723,"Deflect-o EconoMat Studded, No Bevel Mat for Low Pile Carpeting",Furniture,Furnishings,-21.073,Central
FUR-FU-10000723,"Deflect-o EconoMat Studded, No Bevel Mat for Low Pile Carpeting",Furniture,Furnishings,-4.545,East
FUR-FU-10000723,"Deflect-o EconoMat Studded, No Bevel Mat for Low Pile Carpeting",Furniture,Furnishings,-4.545,South
FUR-FU-10003601,"Deflect-o RollaMat Studded, Beveled Mat for Medium Pile Carpeting",Furniture,Furnishings,-38.737,Central
FUR-FU-10003601,"Deflect-o RollaMat Studded, Beveled Mat for Medium Pile Carpeting",Furniture,Furnishings,-1.845,East
FUR-FU-10001588,"Deflect-o SuperTray Unbreakable Stackable Tray, Letter, Black",Furniture,Furnishings,-4.961,Central
OFF-BI-10001510,"Deluxe Heavy-Duty Vinyl Round Ring Binder","Office Supplies",Binders,-8.022,Central
OFF-BI-10001510,"Deluxe Heavy-Duty Vinyl Round Ring Binder","Office Supplies",Binders,-5.730,East
TEC-PH-10004522,"Dexim XPower Skin Super-Thin Power Case for iPhone 5 - Black",Technology,Phones,-8.774,East
TEC-PH-10001336,"Digium D40 VoIP phone",Technology,Phones,-14.189,East
FUR-CH-10002602,"DMI Arturo Collection Mission-style Design Wood Chair",Furniture,Chairs,-6.039,Central
FUR-BO-10002213,"DMI Eclipse Executive Suite Bookcases",Furniture,Bookcases,-5.010,East
OFF-BI-10003910,"DXL Angle-View Binders with Locking Rings by Samsill","Office Supplies",Binders,-1.928,East
TEC-MA-10003183,"DYMO CardScan Personal V9 Business Card Scanner",Technology,Machines,-31.998,West
OFF-BI-10004182,"Economy Binders","Office Supplies",Binders,-0.645,Central
FUR-FU-10004904,"Eldon "L" Workstation Diamond Chairmat",Furniture,Furnishings,-36.470,Central
FUR-FU-10004904,"Eldon "L" Workstation Diamond Chairmat",Furniture,Furnishings,-6.078,East
FUR-FU-10004904,"Eldon "L" Workstation Diamond Chairmat",Furniture,Furnishings,-6.078,West
FUR-FU-10002505,"Eldon 100 Class Desk Accessories",Furniture,Furnishings,-0.944,Central
FUR-FU-10004963,"Eldon 400 Class Desk Accessories, Black Carbon",Furniture,Furnishings,-1.575,Central
FUR-FU-10004622,"Eldon Advantage Foldable Chair Mats for Low Pile Carpets",Furniture,Furnishings,-21.138,Central
FUR-FU-10000293,"Eldon Antistatic Chair Mats for Low to Medium Pile Carpets",Furniture,Furnishings,-14.741,East
OFF-ST-10003479,"Eldon Base for stackable storage shelf, platinum","Office Supplies",Storage,-5.841,Central
OFF-ST-10003479,"Eldon Base for stackable storage shelf, platinum","Office Supplies",Storage,-5.841,East
FUR-FU-10004597,"Eldon Cleatmat Chair Mats for Medium Pile Carpets",Furniture,Furnishings,-26.085,Central
FUR-FU-10003773,"Eldon Cleatmat Plus Chair Mats for High Pile Carpets",Furniture,Furnishings,-38.965,Central
FUR-FU-10003773,"Eldon Cleatmat Plus Chair Mats for High Pile Carpets",Furniture,Furnishings,-7.157,East
FUR-FU-10002918,"Eldon ClusterMat Chair Mat with Cordless Antistatic Protection",Furniture,Furnishings,-44.580,Central
FUR-FU-10002918,"Eldon ClusterMat Chair Mat with Cordless Antistatic Protection",Furniture,Furnishings,-8.188,West
FUR-FU-10001602,"Eldon Delta Triangular Chair Mat, 52" x 58", Clear",Furniture,Furnishings,-15.931,Central
FUR-FU-10001602,"Eldon Delta Triangular Chair Mat, 52" x 58", Clear",Furniture,Furnishings,-0.759,South
FUR-FU-10001602,"Eldon Delta Triangular Chair Mat, 52" x 58", Clear",Furniture,Furnishings,-0.759,West
FUR-FU-10003919,"Eldon Executive Woodline II Cherry Finish Desk Accessories",Furniture,Furnishings,-13.085,Central
FUR-FU-10001473,"Eldon Executive Woodline II Desk Accessories, Mahogany",Furniture,Furnishings,-8.293,Central
FUR-FU-10003194,"Eldon Expressions Desk Accessory, Wood Pencil Holder, Oak",Furniture,Furnishings,-2.895,Central
FUR-FU-10001756,"Eldon Expressions Desk Accessory, Wood Photo Frame, Mahogany",Furniture,Furnishings,-5.902,Central
FUR-FU-10003832,"Eldon Expressions Punched Metal & Wood Desk Accessories, Black & Cherry",Furniture,Furnishings,-3.002,Central
FUR-FU-10002364,"Eldon Expressions Wood Desk Accessories, Oak",Furniture,Furnishings,-2.288,Central
OFF-ST-10004963,"Eldon Gobal File Keepers","Office Supplies",Storage,-2.422,East
FUR-FU-10004270,"Eldon Image Series Desk Accessories, Burgundy",Furniture,Furnishings,-1.003,Central
FUR-FU-10001025,"Eldon Imàge Series Desk Accessories, Clear",Furniture,Furnishings,-0.826,Central
FUR-FU-10003691,"Eldon Image Series Desk Accessories, Ebony",Furniture,Furnishings,-1.976,Central
OFF-ST-10002486,"Eldon Shelf Savers Cubes and Bins","Office Supplies",Storage,-1.256,East
FUR-FU-10000023,"Eldon Wave Desk Accessories",Furniture,Furnishings,-0.942,Central
FUR-FU-10003664,"Electrix Architect's Clamp-On Swing Arm Lamp, Black",Furniture,Furnishings,-29.593,Central
FUR-FU-10004306,"Electrix Halogen Magnifier Lamp",Furniture,Furnishings,-66.062,Central
FUR-FU-10002553,"Electrix Incandescent Magnifying Lamp, Black",Furniture,Furnishings,-12.095,Central
TEC-MA-10004521,"Epson Perfection V600 Photo Scanner",Technology,Machines,-57.498,East
TEC-MA-10002210,"Epson TM-T88V Direct Thermal Printer - Monochrome - Desktop",Technology,Machines,-40.424,Central
TEC-MA-10002210,"Epson TM-T88V Direct Thermal Printer - Monochrome - Desktop",Technology,Machines,-133.709,East
OFF-AP-10002203,"Eureka Disposable Bags for Sanitaire Vibra Groomer I Upright Vac","Office Supplies",Appliances,-2.233,Central
OFF-AP-10003217,"Eureka Sanitaire  Commercial Upright","Office Supplies",Appliances,-89.483,Central
OFF-AP-10002457,"Eureka The Boss Plus 12-Amp Hard Box Upright Vacuum, Red","Office Supplies",Appliances,-55.465,Central
OFF-AP-10000390,"Euro Pro Shark Stick Mini Vacuum","Office Supplies",Appliances,-32.929,Central
FUR-FU-10004671,"Executive Impressions 12" Wall Clock",Furniture,Furnishings,-3.887,Central
FUR-FU-10004270,"Executive Impressions 13" Clairmont Wall Clock",Furniture,Furnishings,-3.654,Central
FUR-FU-10002030,"Executive Impressions 14" Contract Wall Clock with Quartz Movement",Furniture,Furnishings,-3.557,Central
FUR-FU-10001379,"Executive Impressions 16-1/2" Circular Wall Clock",Furniture,Furnishings,-4.275,Central
OFF-AP-10003040,"Fellowes 8 Outlet Superior Workstation Surge Protector w/o Phone/Fax/Modem Protection","Office Supplies",Appliances,-18.155,Central
OFF-ST-10001469,"Fellowes Bankers Box Recycled Super Stor/Drawer","Office Supplies",Storage,-7.557,Central
OFF-ST-10001469,"Fellowes Bankers Box Recycled Super Stor/Drawer","Office Supplies",Storage,-7.557,East
OFF-ST-10001469,"Fellowes Bankers Box Recycled Super Stor/Drawer","Office Supplies",Storage,-7.557,South
OFF-ST-10000060,"Fellowes Bankers Box Staxonsteel Drawer File/Stacking System","Office Supplies",Storage,-5.198,East
OFF-ST-10000060,"Fellowes Bankers Box Staxonsteel Drawer File/Stacking System","Office Supplies",Storage,-5.198,South
OFF-ST-10000060,"Fellowes Bankers Box Staxonsteel Drawer File/Stacking System","Office Supplies",Storage,-5.198,West
OFF-ST-10000563,"Fellowes Bankers Box Stor/Drawer Steel Plus","Office Supplies",Storage,-3.198,Central
OFF-ST-10000563,"Fellowes Bankers Box Stor/Drawer Steel Plus","Office Supplies",Storage,-3.198,East
OFF-ST-10000563,"Fellowes Bankers Box Stor/Drawer Steel Plus","Office Supplies",Storage,-3.198,West
OFF-AP-10000358,"Fellowes Basic Home/Office Series Surge Protectors","Office Supplies",Appliances,-6.620,Central
OFF-BI-10001294,"Fellowes Binding Cases","Office Supplies",Binders,-4.095,Central
OFF-BI-10002071,"Fellowes Black Plastic Comb Bindings","Office Supplies",Binders,-1.975,Central
OFF-BI-10002071,"Fellowes Black Plastic Comb Bindings","Office Supplies",Binders,-1.394,East
OFF-AP-10002867,"Fellowes Command Center 5-outlet power strip","Office Supplies",Appliances,-35.955,Central
OFF-ST-10000676,"Fellowes Econo/Stor Drawers","Office Supplies",Storage,-13.570,South
OFF-ST-10002583,"Fellowes Neat Ideas Storage Cubes","Office Supplies",Storage,-5.197,Central
OFF-ST-10002583,"Fellowes Neat Ideas Storage Cubes","Office Supplies",Storage,-5.197,East
OFF-ST-10001809,"Fellowes Officeware Wire Shelving","Office Supplies",Storage,-16.169,Central
OFF-ST-10001809,"Fellowes Officeware Wire Shelving","Office Supplies",Storage,-16.169,East
OFF-ST-10001809,"Fellowes Officeware Wire Shelving","Office Supplies",Storage,-16.169,West
OFF-BI-10003656,"Fellowes PB200 Plastic Comb Binding Machine","Office Supplies",Binders,-40.798,East
OFF-BI-10003925,"Fellowes PB300 Plastic Comb Binding Machine","Office Supplies",Binders,-128.037,Central
OFF-BI-10003527,"Fellowes PB500 Electric Punch Plastic Comb Binding Machine with Manual Bind","Office Supplies",Binders,-381.297,Central
OFF-AP-10002578,"Fellowes Premier Superior Surge Suppressor, 10-Outlet, With Phone and Remote","Office Supplies",Appliances,-26.417,Central
OFF-BI-10004139,"Fellowes Presentation Covers for Comb Binding Machines","Office Supplies",Binders,-5.093,Central
OFF-ST-10000129,"Fellowes Recycled Storage Drawers","Office Supplies",Storage,-14.434,Central
OFF-ST-10001932,"Fellowes Staxonsteel Drawer Files","Office Supplies",Storage,-11.590,Central
OFF-ST-10000025,"Fellowes Stor/Drawer Steel Plus Storage Drawers","Office Supplies",Storage,-13.360,Central
OFF-ST-10000689,"Fellowes Strictly Business Drawer File, Letter/Legal Size","Office Supplies",Storage,-11.268,Central
OFF-ST-10000689,"Fellowes Strictly Business Drawer File, Letter/Legal Size","Office Supplies",Storage,-11.268,West
OFF-ST-10000107,"Fellowes Super Stor/Drawer","Office Supplies",Storage,-0.555,Central
OFF-ST-10000046,"Fellowes Super Stor/Drawer Files","Office Supplies",Storage,-1.616,Central
OFF-ST-10000046,"Fellowes Super Stor/Drawer Files","Office Supplies",Storage,-1.616,South
OFF-AP-10004708,"Fellowes Superior 10 Outlet Split Surge Protector","Office Supplies",Appliances,-19.411,Central
OFF-BI-10004209,"Fellowes Twister Kit, Gray/Clear, 3/pkg","Office Supplies",Binders,-2.814,Central
OFF-BI-10004209,"Fellowes Twister Kit, Gray/Clear, 3/pkg","Office Supplies",Binders,-2.010,East
OFF-BI-10004209,"Fellowes Twister Kit, Gray/Clear, 3/pkg","Office Supplies",Binders,-2.010,South
TEC-AC-10001142,"First Data FD10 PIN Pad",Technology,Accessories,-7.900,East
TEC-AC-10001142,"First Data FD10 PIN Pad",Technology,Accessories,-7.900,West
FUR-FU-10004973,"Flat Face Poster Frame",Furniture,Furnishings,-3.391,Central
OFF-BI-10004738,"Flexible Leather- Look Classic Collection Ring Binder","Office Supplies",Binders,-5.682,Central
OFF-BI-10004738,"Flexible Leather- Look Classic Collection Ring Binder","Office Supplies",Binders,-3.788,West
FUR-FU-10001861,"Floodlight Indoor Halogen Bulbs, 1 Bulb per Pack, 60 Watts",Furniture,Furnishings,-2.134,Central
FUR-FU-10002191,"G.E. Halogen Desk Lamp Bulbs",Furniture,Furnishings,-0.838,Central
FUR-FU-10004586,"G.E. Longer-Life Indoor Recessed Floodlight Bulbs",Furniture,Furnishings,-0.797,Central
OFF-BI-10001072,"GBC Clear Cover, 8-1/2 x 11, unpunched, 25 covers per pack","Office Supplies",Binders,-5.154,Central
OFF-BI-10001072,"GBC Clear Cover, 8-1/2 x 11, unpunched, 25 covers per pack","Office Supplies",Binders,-3.638,East
OFF-BI-10004390,"GBC DocuBind 200 Manual Binding Machine","Office Supplies",Binders,-84.196,South
OFF-BI-10003650,"GBC DocuBind 300 Electric Binding Machine","Office Supplies",Binders,-168.314,Central
OFF-BI-10003650,"GBC DocuBind 300 Electric Binding Machine","Office Supplies",Binders,-115.716,East
OFF-BI-10003650,"GBC DocuBind 300 Electric Binding Machine","Office Supplies",Binders,-115.716,South
OFF-BI-10003650,"GBC DocuBind 300 Electric Binding Machine","Office Supplies",Binders,-115.716,West
OFF-BI-10004519,"GBC DocuBind P100 Manual Binding Machine","Office Supplies",Binders,-41.495,East
OFF-BI-10004519,"GBC DocuBind P100 Manual Binding Machine","Office Supplies",Binders,-41.495,South
OFF-BI-10004995,"GBC DocuBind P400 Electric Binding System","Office Supplies",Binders,-462.737,Central
OFF-BI-10004995,"GBC DocuBind P400 Electric Binding System","Office Supplies",Binders,-326.638,South
OFF-BI-10001718,"GBC DocuBind P50 Personal Binding Machine","Office Supplies",Binders,-14.715,East
OFF-BI-10001718,"GBC DocuBind P50 Personal Binding Machine","Office Supplies",Binders,-14.715,South
OFF-BI-10001718,"GBC DocuBind P50 Personal Binding Machine","Office Supplies",Binders,-14.715,West
OFF-BI-10003091,"GBC DocuBind TL200 Manual Binding Machine","Office Supplies",Binders,-51.515,South
OFF-BI-10001359,"GBC DocuBind TL300 Electric Binding System","Office Supplies",Binders,-296.007,Central
OFF-BI-10001359,"GBC DocuBind TL300 Electric Binding System","Office Supplies",Binders,-206.308,East
OFF-BI-10001359,"GBC DocuBind TL300 Electric Binding System","Office Supplies",Binders,-206.308,South
OFF-BI-10003638,"GBC Durable Plastic Covers","Office Supplies",Binders,-6.579,Central
OFF-BI-10003638,"GBC Durable Plastic Covers","Office Supplies",Binders,-4.644,East
OFF-BI-10003638,"GBC Durable Plastic Covers","Office Supplies",Binders,-4.644,West
OFF-BI-10000545,"GBC Ibimaster 500 Manual ProClick Binding System","Office Supplies",Binders,-228.294,Central
OFF-BI-10000545,"GBC Ibimaster 500 Manual ProClick Binding System","Office Supplies",Binders,-152.196,East
OFF-BI-10000545,"GBC Ibimaster 500 Manual ProClick Binding System","Office Supplies",Binders,-152.196,South
OFF-BI-10000088,"GBC Imprintable Covers","Office Supplies",Binders,-3.404,Central
OFF-BI-10000088,"GBC Imprintable Covers","Office Supplies",Binders,-2.306,West
OFF-BI-10001679,"GBC Instant Index System for Binding Systems","Office Supplies",Binders,-2.664,Central
OFF-BI-10001679,"GBC Instant Index System for Binding Systems","Office Supplies",Binders,-1.776,South
OFF-BI-10000301,"GBC Instant Report Kit","Office Supplies",Binders,-1.941,Central
OFF-BI-10000301,"GBC Instant Report Kit","Office Supplies",Binders,-1.294,East
OFF-BI-10000301,"GBC Instant Report Kit","Office Supplies",Binders,-1.294,South
OFF-BI-10000948,"GBC Laser Imprintable Binding System Covers, Desert Sand","Office Supplies",Binders,-4.709,Central
OFF-BI-10000948,"GBC Laser Imprintable Binding System Covers, Desert Sand","Office Supplies",Binders,-3.282,South
OFF-BI-10001575,"GBC Linen Binding Covers","Office Supplies",Binders,-9.914,Central
OFF-BI-10001575,"GBC Linen Binding Covers","Office Supplies",Binders,-6.816,East
OFF-BI-10001575,"GBC Linen Binding Covers","Office Supplies",Binders,-6.816,South
OFF-BI-10004817,"GBC Personal VeloBind Strips","Office Supplies",Binders,-3.834,Central
OFF-BI-10004817,"GBC Personal VeloBind Strips","Office Supplies",Binders,-2.636,East
OFF-BI-10004817,"GBC Personal VeloBind Strips","Office Supplies",Binders,-2.636,South
OFF-BI-10000320,"GBC Plastic Binding Combs","Office Supplies",Binders,-2.288,Central
OFF-BI-10003166,"GBC Plasticlear Binding Covers","Office Supplies",Binders,-3.674,Central
OFF-BI-10003166,"GBC Plasticlear Binding Covers","Office Supplies",Binders,-2.526,East
OFF-BI-10003166,"GBC Plasticlear Binding Covers","Office Supplies",Binders,-2.526,South
OFF-BI-10004828,"GBC Poly Designer Binding Covers","Office Supplies",Binders,-3.515,West
OFF-BI-10004233,"GBC Pre-Punched Binding Paper, Plastic, White, 8-1/2" x 11"","Office Supplies",Binders,-5.117,Central
OFF-BI-10004233,"GBC Pre-Punched Binding Paper, Plastic, White, 8-1/2" x 11"","Office Supplies",Binders,-3.518,South
OFF-BI-10001524,"GBC Premium Transparent Covers with Diagonal Lined Pattern","Office Supplies",Binders,-6.714,Central
OFF-BI-10001524,"GBC Premium Transparent Covers with Diagonal Lined Pattern","Office Supplies",Binders,-4.616,East
OFF-BI-10000069,"GBC Prepunched Paper, 19-Hole, for Binding Systems, 24-lb","Office Supplies",Binders,-3.602,East
OFF-BI-10000069,"GBC Prepunched Paper, 19-Hole, for Binding Systems, 24-lb","Office Supplies",Binders,-3.602,South
OFF-BI-10002735,"GBC Prestige Therm-A-Bind Covers","Office Supplies",Binders,-7.891,South
OFF-BI-10004584,"GBC ProClick 150 Presentation Binding System","Office Supplies",Binders,-104.273,Central
OFF-BI-10004584,"GBC ProClick 150 Presentation Binding System","Office Supplies",Binders,-72.675,South
OFF-BI-10001071,"GBC ProClick Punch Binding System","Office Supplies",Binders,-19.834,Central
OFF-BI-10001071,"GBC ProClick Punch Binding System","Office Supplies",Binders,-13.436,East
OFF-BI-10002414,"GBC ProClick Spines for 32-Hole Punch","Office Supplies",Binders,-4.135,Central
OFF-BI-10002414,"GBC ProClick Spines for 32-Hole Punch","Office Supplies",Binders,-2.882,East
OFF-BI-10002414,"GBC ProClick Spines for 32-Hole Punch","Office Supplies",Binders,-2.882,South
OFF-BI-10004230,"GBC Recycled Grain Textured Covers","Office Supplies",Binders,-7.599,East
OFF-BI-10004230,"GBC Recycled Grain Textured Covers","Office Supplies",Binders,-7.599,West
OFF-BI-10002867,"GBC Recycled Regency Composition Covers","Office Supplies",Binders,-20.325,Central
OFF-BI-10004001,"GBC Recycled VeloBinder Covers","Office Supplies",Binders,-5.794,Central
OFF-BI-10004001,"GBC Recycled VeloBinder Covers","Office Supplies",Binders,-4.090,East
OFF-BI-10004001,"GBC Recycled VeloBinder Covers","Office Supplies",Binders,-4.090,South
OFF-BI-10004094,"GBC Standard Plastic Binding Systems Combs","Office Supplies",Binders,-2.744,Central
OFF-BI-10004094,"GBC Standard Plastic Binding Systems Combs","Office Supplies",Binders,-1.859,East
OFF-BI-10001308,"GBC Standard Plastic Binding Systems' Combs","Office Supplies",Binders,-2.198,Central
OFF-BI-10001308,"GBC Standard Plastic Binding Systems' Combs","Office Supplies",Binders,-1.570,East
OFF-BI-10001308,"GBC Standard Plastic Binding Systems' Combs","Office Supplies",Binders,-1.570,South
OFF-BI-10003676,"GBC Standard Recycled Report Covers, Clear Plastic Sheets","Office Supplies",Binders,-3.450,Central
OFF-BI-10003676,"GBC Standard Recycled Report Covers, Clear Plastic Sheets","Office Supplies",Binders,-2.372,West
OFF-BI-10001658,"GBC Standard Therm-A-Bind Covers","Office Supplies",Binders,-8.473,Central
OFF-BI-10001658,"GBC Standard Therm-A-Bind Covers","Office Supplies",Binders,-5.981,East
OFF-BI-10001658,"GBC Standard Therm-A-Bind Covers","Office Supplies",Binders,-5.981,West
OFF-BI-10002082,"GBC Twin Loop Wire Binding Elements","Office Supplies",Binders,-9.984,Central
OFF-BI-10002082,"GBC Twin Loop Wire Binding Elements","Office Supplies",Binders,-6.656,East
OFF-BI-10002082,"GBC Twin Loop Wire Binding Elements","Office Supplies",Binders,-6.656,South
OFF-BI-10002082,"GBC Twin Loop Wire Binding Elements","Office Supplies",Binders,-6.656,West
OFF-BI-10000309,"GBC Twin Loop Wire Binding Elements, 9/16" Spine, Black","Office Supplies",Binders,-4.718,Central
OFF-BI-10000309,"GBC Twin Loop Wire Binding Elements, 9/16" Spine, Black","Office Supplies",Binders,-3.196,East
OFF-BI-10002353,"GBC VeloBind Cover Sets","Office Supplies",Binders,-4.632,Central
OFF-BI-10002353,"GBC VeloBind Cover Sets","Office Supplies",Binders,-3.088,East
OFF-BI-10004330,"GBC Velobind Prepunched Cover Sets, Regency Series","Office Supplies",Binders,-9.245,East
OFF-BI-10000778,"GBC VeloBinder Electric Binding Machine","Office Supplies",Binders,-36.294,Central
OFF-BI-10000778,"GBC VeloBinder Electric Binding Machine","Office Supplies",Binders,-24.196,South
OFF-BI-10000778,"GBC VeloBinder Electric Binding Machine","Office Supplies",Binders,-24.196,West
OFF-BI-10001543,"GBC VeloBinder Manual Binding System","Office Supplies",Binders,-7.918,South
OFF-BI-10001543,"GBC VeloBinder Manual Binding System","Office Supplies",Binders,-7.918,West
OFF-BI-10004099,"GBC VeloBinder Strips","Office Supplies",Binders,-2.304,Central
OFF-BI-10004099,"GBC VeloBinder Strips","Office Supplies",Binders,-1.536,East
OFF-BI-10004099,"GBC VeloBinder Strips","Office Supplies",Binders,-1.536,South
OFF-BI-10001107,"GBC White Gloss Covers, Plain Front","Office Supplies",Binders,-4.778,Central
OFF-BI-10001107,"GBC White Gloss Covers, Plain Front","Office Supplies",Binders,-3.330,East
OFF-BI-10001617,"GBC Wire Binding Combs","Office Supplies",Binders,-3.412,Central
OFF-BI-10004781,"GBC Wire Binding Strips","Office Supplies",Binders,-6.983,East
OFF-BI-10004781,"GBC Wire Binding Strips","Office Supplies",Binders,-6.983,South
TEC-PH-10003963,"GE 2-Jack Phone Line Splitter",Technology,Phones,-28.839,East
TEC-PH-10004977,"GE 30524EE4",Technology,Phones,-21.559,East
FUR-FU-10000206,"GE General Purpose, Extra Long Life, Showcase & Floodlight Incandescent Bulbs",Furniture,Furnishings,-0.378,Central
FUR-FU-10004587,"GE General Use Halogen Bulbs, 100 Watts, 1 Bulb per Pack",Furniture,Furnishings,-2.303,Central
TEC-PH-10004774,"Gear Head AU3700S Headset",Technology,Phones,-2.208,West
TEC-PH-10003505,"Geemarc AmpliPOWER60",Technology,Phones,-10.208,East
FUR-TA-10003392,"Global Adaptabilities Conference Tables",Furniture,Tables,-59.006,East
FUR-TA-10003392,"Global Adaptabilities Conference Tables",Furniture,Tables,-2.810,West
FUR-CH-10003535,"Global Armless Task Chair, Royal Blue",Furniture,Chairs,-7.927,Central
FUR-CH-10003535,"Global Armless Task Chair, Royal Blue",Furniture,Chairs,-7.927,East
FUR-CH-10003535,"Global Armless Task Chair, Royal Blue",Furniture,Chairs,-1.829,West
FUR-CH-10004540,"Global Chrome Stack Chair",Furniture,Chairs,-1.028,Central
FUR-CH-10004540,"Global Chrome Stack Chair",Furniture,Chairs,-1.028,East
FUR-CH-10000309,"Global Comet Stacking Arm Chair",Furniture,Chairs,-21.126,East
FUR-CH-10003379,"Global Commerce Series High-Back Swivel/Tilt Chairs",Furniture,Chairs,-14.249,Central
FUR-CH-10003379,"Global Commerce Series High-Back Swivel/Tilt Chairs",Furniture,Chairs,-14.249,East
FUR-CH-10003981,"Global Commerce Series Low-Back Swivel/Tilt Chairs",Furniture,Chairs,-2.570,Central
FUR-CH-10003981,"Global Commerce Series Low-Back Swivel/Tilt Chairs",Furniture,Chairs,-2.570,East
FUR-CH-10004063,"Global Deluxe High-Back Manager's Chair",Furniture,Chairs,-2.860,Central
FUR-CH-10001190,"Global Deluxe High-Back Office Chair in Storm",Furniture,Chairs,-14.959,West
FUR-CH-10002774,"Global Deluxe Stacking Chair, Gray",Furniture,Chairs,-0.510,East
FUR-CH-10003396,"Global Deluxe Steno Chair",Furniture,Chairs,-14.626,Central
FUR-CH-10003396,"Global Deluxe Steno Chair",Furniture,Chairs,-14.626,East
FUR-CH-10003396,"Global Deluxe Steno Chair",Furniture,Chairs,-6.928,West
FUR-CH-10000229,"Global Enterprise Series Seating High-Back Swivel/Tilt Chairs",Furniture,Chairs,-59.616,Central
FUR-CH-10000229,"Global Enterprise Series Seating High-Back Swivel/Tilt Chairs",Furniture,Chairs,-32.518,West
FUR-CH-10000785,"Global Ergonomic Managers Chair",Furniture,Chairs,-7.239,Central
FUR-CH-10000785,"Global Ergonomic Managers Chair",Furniture,Chairs,-7.239,East
FUR-CH-10000847,"Global Executive Mid-Back Manager's Chair",Furniture,Chairs,-11.639,East
FUR-CH-10004218,"Global Fabric Manager's Chair, Dark Gray",Furniture,Chairs,-5.049,Central
FUR-CH-10000225,"Global Geo Office Task Chair, Gray",Furniture,Chairs,-20.245,Central
FUR-CH-10000225,"Global Geo Office Task Chair, Gray",Furniture,Chairs,-4.049,East
FUR-CH-10000225,"Global Geo Office Task Chair, Gray",Furniture,Chairs,-12.147,South
FUR-CH-10000225,"Global Geo Office Task Chair, Gray",Furniture,Chairs,-12.147,West
FUR-CH-10002880,"Global High-Back Leather Tilter, Burgundy",Furniture,Chairs,-23.368,Central
FUR-CH-10002880,"Global High-Back Leather Tilter, Burgundy",Furniture,Chairs,-23.368,East
FUR-CH-10002880,"Global High-Back Leather Tilter, Burgundy",Furniture,Chairs,-11.069,South
FUR-CH-10002880,"Global High-Back Leather Tilter, Burgundy",Furniture,Chairs,-11.069,West
FUR-CH-10000422,"Global Highback Leather Tilter in Burgundy",Furniture,Chairs,-12.739,Central
FUR-CH-10000422,"Global Highback Leather Tilter in Burgundy",Furniture,Chairs,-3.640,South
FUR-CH-10000422,"Global Highback Leather Tilter in Burgundy",Furniture,Chairs,-3.640,West
FUR-CH-10003761,"Global Italian Leather Office Chair",Furniture,Chairs,-3.929,East
FUR-CH-10001714,"Global Leather & Oak Executive Chair, Burgundy",Furniture,Chairs,-33.196,Central
FUR-CH-10001714,"Global Leather & Oak Executive Chair, Burgundy",Furniture,Chairs,-18.107,West
FUR-CH-10004495,"Global Leather and Oak Executive Chair, Black",Furniture,Chairs,-3.010,Central
FUR-CH-10004495,"Global Leather and Oak Executive Chair, Black",Furniture,Chairs,-3.010,East
FUR-CH-10002965,"Global Leather Highback Executive Chair with Pneumatic Height Adjustment, Black",Furniture,Chairs,-6.029,Central
FUR-CH-10002965,"Global Leather Highback Executive Chair with Pneumatic Height Adjustment, Black",Furniture,Chairs,-6.029,East
FUR-CH-10003061,"Global Leather Task Chair, Black",Furniture,Chairs,-0.900,West
FUR-CH-10004860,"Global Low Back Tilter Chair",Furniture,Chairs,-24.235,East
FUR-CH-10004860,"Global Low Back Tilter Chair",Furniture,Chairs,-4.039,East
FUR-CH-10004860,"Global Low Back Tilter Chair",Furniture,Chairs,-14.137,South
FUR-CH-10004860,"Global Low Back Tilter Chair",Furniture,Chairs,-14.137,West
FUR-CH-10004853,"Global Manager's Adjustable Task Chair, Storm",Furniture,Chairs,-1.510,Central
FUR-CH-10004477,"Global Push Button Manager's Chair, Indigo",Furniture,Chairs,-0.609,Central
FUR-CH-10004477,"Global Push Button Manager's Chair, Indigo",Furniture,Chairs,-0.609,East
FUR-CH-10004754,"Global Stack Chair with Arms, Black",Furniture,Chairs,-0.899,Central
FUR-CH-10002304,"Global Stack Chair without Arms, Black",Furniture,Chairs,-1.299,Central
FUR-CH-10004289,"Global Super Steno Chair",Furniture,Chairs,-12.477,Central
FUR-CH-10004289,"Global Super Steno Chair",Furniture,Chairs,-2.879,West
FUR-CH-10001146,"Global Task Chair, Black",Furniture,Chairs,-9.669,Central
FUR-CH-10001146,"Global Task Chair, Black",Furniture,Chairs,-9.669,East
FUR-CH-10001146,"Global Task Chair, Black",Furniture,Chairs,-4.580,West
FUR-CH-10001215,"Global Troy Executive Leather Low-Back Tilter",Furniture,Chairs,-25.049,Central
FUR-CH-10001146,"Global Value Mid-Back Manager's Chair, Gray",Furniture,Chairs,-3.045,Central
FUR-CH-10003817,"Global Value Steno Chair, Gray",Furniture,Chairs,-3.037,Central
FUR-CH-10003817,"Global Value Steno Chair, Gray",Furniture,Chairs,-3.037,East
FUR-CH-10003774,"Global Wood Trimmed Manager's Task Chair, Khaki",Furniture,Chairs,-15.467,Central
FUR-CH-10003774,"Global Wood Trimmed Manager's Task Chair, Khaki",Furniture,Chairs,-15.467,East
FUR-CH-10003774,"Global Wood Trimmed Manager's Task Chair, Khaki",Furniture,Chairs,-6.369,South
FUR-CH-10003774,"Global Wood Trimmed Manager's Task Chair, Khaki",Furniture,Chairs,-6.369,West
TEC-PH-10002834,"Google Nexus 5",Technology,Phones,-26.999,East
OFF-ST-10001522,"Gould Plastics 18-Pocket Panel Bin, 34w x 5-1/4d x 20-1/2h","Office Supplies",Storage,-14.718,Central
OFF-ST-10001522,"Gould Plastics 18-Pocket Panel Bin, 34w x 5-1/4d x 20-1/2h","Office Supplies",Storage,-14.718,East
OFF-ST-10001522,"Gould Plastics 18-Pocket Panel Bin, 34w x 5-1/4d x 20-1/2h","Office Supplies",Storage,-14.718,South
OFF-ST-10001522,"Gould Plastics 18-Pocket Panel Bin, 34w x 5-1/4d x 20-1/2h","Office Supplies",Storage,-14.718,West
OFF-ST-10001713,"Gould Plastics 9-Pocket Panel Bin, 18-3/8w x 5-1/4d x 20-1/2h, Black","Office Supplies",Storage,-8.478,Central
OFF-ST-10001713,"Gould Plastics 9-Pocket Panel Bin, 18-3/8w x 5-1/4d x 20-1/2h, Black","Office Supplies",Storage,-8.478,East
TEC-PH-10002538,"Grandstream GXP1160 VoIP phone",Technology,Phones,-4.170,East
TEC-PH-10003357,"Grandstream GXP2100 Mainstream Business Phone",Technology,Phones,-9.179,East
OFF-BI-10003876,"Green Canvas Binder for 8-1/2" x 14" Sheets","Office Supplies",Binders,-8.560,South
TEC-PH-10002070,"Griffin GC36547 PowerJolt SE Lightning Charger",Technology,Phones,-2.249,East
FUR-CH-10003973,"GuestStacker Chair with Chrome Finish Legs",Furniture,Chairs,-7.435,Central
FUR-CH-10004875,"Harbour Creations 67200 Series Stacking Chairs",Furniture,Chairs,-2.135,Central
OFF-AP-10001394,"Harmony Air Purifier","Office Supplies",Appliances,-83.160,Central
OFF-BI-10000014,"Heavy-Duty E-Z-D Binders","Office Supplies",Binders,-3.600,Central
OFF-BI-10000014,"Heavy-Duty E-Z-D Binders","Office Supplies",Binders,-2.509,East
OFF-BI-10000014,"Heavy-Duty E-Z-D Binders","Office Supplies",Binders,-2.509,South
TEC-MA-10003626,"Hewlett-Packard Deskjet 6540 Color Inkjet Printer",Technology,Machines,-4.107,South
TEC-MA-10002694,"Hewlett-Packard Deskjet F4180 All-in-One Color Ink-jet - Printer / copier / scanner",Technology,Machines,-35.698,East
OFF-SU-10000151,"High Speed Automatic Electric Letter Opener","Office Supplies",Supplies,-262.005,Central
FUR-CH-10000513,"High-Back Leather Manager's Chair",Furniture,Chairs,-27.298,Central
FUR-CH-10000513,"High-Back Leather Manager's Chair",Furniture,Chairs,-27.298,East
FUR-CH-10000513,"High-Back Leather Manager's Chair",Furniture,Chairs,-14.299,South
FUR-CH-10000513,"High-Back Leather Manager's Chair",Furniture,Chairs,-14.299,West
OFF-AP-10001303,"Holmes Cool Mist Humidifier for the Whole House with 8-Gallon Output per Day, Extended Life Filter","Office Supplies",Appliances,-6.965,Central
OFF-AP-10002082,"Holmes HEPA Air Purifier","Office Supplies",Appliances,-9.801,Central
OFF-AP-10000696,"Holmes Odor Grabber","Office Supplies",Appliances,-6.777,Central
OFF-AP-10002311,"Holmes Replacement Filter for HEPA Air Cleaner, Very Large Room, HEPA Filter","Office Supplies",Appliances,-24.772,Central
OFF-AP-10004655,"Holmes Visible Mist Ultrasonic Humidifier with 2.3-Gallon Output per Day, Replacement Filter","Office Supplies",Appliances,-5.207,Central
FUR-CH-10003312,"Hon 2090 “Pillow Soft” Series Mid Back Swivel/Tilt Chairs",Furniture,Chairs,-64.625,East
FUR-CH-10003312,"Hon 2090 “Pillow Soft” Series Mid Back Swivel/Tilt Chairs",Furniture,Chairs,-36.527,South
FUR-CH-10003312,"Hon 2090 “Pillow Soft” Series Mid Back Swivel/Tilt Chairs",Furniture,Chairs,-36.527,West
FUR-TA-10003715,"Hon 2111 Invitation Series Corner Table",Furniture,Tables,-71.186,East
FUR-TA-10003715,"Hon 2111 Invitation Series Corner Table",Furniture,Tables,-29.312,West
FUR-TA-10004607,"Hon 2111 Invitation Series Straight Table",Furniture,Tables,-16.261,Central
FUR-TA-10004607,"Hon 2111 Invitation Series Straight Table",Furniture,Tables,-16.261,East
FUR-TA-10004607,"Hon 2111 Invitation Series Straight Table",Furniture,Tables,-45.827,West
FUR-TA-10004607,"Hon 2111 Invitation Series Straight Table",Furniture,Tables,-1.478,West
FUR-TA-10004175,"Hon 30" x 60" Table with Locking Drawer",Furniture,Tables,-40.927,East
FUR-BO-10003546,"Hon 4-Shelf Metal Bookcases",Furniture,Bookcases,-5.049,Central
FUR-BO-10003546,"Hon 4-Shelf Metal Bookcases",Furniture,Bookcases,-45.441,West
FUR-TA-10004147,"Hon 4060 Series Tables",Furniture,Tables,-20.153,East
FUR-CH-10004086,"Hon 4070 Series Pagoda Armless Upholstered Stacking Chairs",Furniture,Chairs,-2.917,Central
FUR-CH-10003746,"Hon 4070 Series Pagoda Round Back Stacking Chairs",Furniture,Chairs,-6.420,Central
FUR-CH-10003746,"Hon 4070 Series Pagoda Round Back Stacking Chairs",Furniture,Chairs,-6.420,East
FUR-CH-10002331,"Hon 4700 Series Mobuis Mid-Back Task Chairs with Adjustable Arms",Furniture,Chairs,-32.038,Central
FUR-TA-10004575,"Hon 5100 Series Wood Tables",Furniture,Tables,-64.016,East
FUR-TA-10004575,"Hon 5100 Series Wood Tables",Furniture,Tables,-64.016,South
FUR-TA-10004575,"Hon 5100 Series Wood Tables",Furniture,Tables,-93.114,West
FUR-TA-10004575,"Hon 5100 Series Wood Tables",Furniture,Tables,-5.820,West
FUR-CH-10002024,"HON 5400 Series Task Chairs for Big and Tall",Furniture,Chairs,-70.098,Central
FUR-CH-10002024,"HON 5400 Series Task Chairs for Big and Tall",Furniture,Chairs,-70.098,East
FUR-TA-10001676,"Hon 61000 Series Interactive Training Tables",Furniture,Tables,-14.218,Central
FUR-TA-10001676,"Hon 61000 Series Interactive Training Tables",Furniture,Tables,-5.332,Central
FUR-TA-10001676,"Hon 61000 Series Interactive Training Tables",Furniture,Tables,-9.775,East
FUR-TA-10001676,"Hon 61000 Series Interactive Training Tables",Furniture,Tables,-9.775,South
FUR-TA-10001676,"Hon 61000 Series Interactive Training Tables",Furniture,Tables,-0.889,West
FUR-TA-10003954,"Hon 94000 Series Round Tables",Furniture,Tables,-91.816,East
FUR-TA-10003954,"Hon 94000 Series Round Tables",Furniture,Tables,-32.580,West
FUR-CH-10001545,"Hon Comfortask Task/Swivel Chairs",Furniture,Chairs,-15.957,Central
FUR-CH-10001545,"Hon Comfortask Task/Swivel Chairs",Furniture,Chairs,-4.559,South
FUR-CH-10001545,"Hon Comfortask Task/Swivel Chairs",Furniture,Chairs,-4.559,West
FUR-CH-10002126,"Hon Deluxe Fabric Upholstered Stacking Chairs",Furniture,Chairs,-4.880,Central
FUR-CH-10001802,"Hon Every-Day Chair Series Swivel Task Chairs",Furniture,Chairs,-10.888,Central
FUR-CH-10004997,"Hon Every-Day Series Multi-Task Chairs",Furniture,Chairs,-18.798,Central
FUR-CH-10004997,"Hon Every-Day Series Multi-Task Chairs",Furniture,Chairs,-18.798,East
FUR-BO-10001608,"Hon Metal Bookcases, Black",Furniture,Bookcases,-4.969,Central
FUR-BO-10001608,"Hon Metal Bookcases, Black",Furniture,Bookcases,-31.941,West
FUR-CH-10000015,"Hon Multipurpose Stacking Arm Chairs",Furniture,Chairs,-8.664,Central
FUR-CH-10000015,"Hon Multipurpose Stacking Arm Chairs",Furniture,Chairs,-8.664,East
FUR-CH-10000988,"Hon Olson Stacker Stools",Furniture,Chairs,-2.816,East
FUR-TA-10000617,"Hon Practical Foundations 30 x 60 Training Table, Light Gray/Charcoal",Furniture,Tables,-40.959,East
FUR-TA-10000617,"Hon Practical Foundations 30 x 60 Training Table, Light Gray/Charcoal",Furniture,Tables,-52.337,South
FUR-TA-10001768,"Hon Racetrack Conference Tables",Furniture,Tables,-23.626,Central
FUR-TA-10001768,"Hon Racetrack Conference Tables",Furniture,Tables,-49.877,South
FUR-TA-10002645,"Hon Rectangular Conference Tables",Furniture,Tables,-75.092,Central
FUR-TA-10002645,"Hon Rectangular Conference Tables",Furniture,Tables,-52.337,East
FUR-CH-10003846,"Hon Valutask Swivel Chairs",Furniture,Chairs,-4.039,West
OFF-AP-10004233,"Honeywell Enviracaire Portable Air Cleaner for up to 8 x 10 Room","Office Supplies",Appliances,-37.593,Central
OFF-AP-10001634,"Hoover Commercial Lightweight Upright Vacuum","Office Supplies",Appliances,-1.879,Central
OFF-AP-10001564,"Hoover Commercial Lightweight Upright Vacuum with E-Z Empty Dirt Cup","Office Supplies",Appliances,-125.593,Central
OFF-AP-10004868,"Hoover Commercial Soft Guard Upright Vacuum And Disposable Filtration Bags","Office Supplies",Appliances,-4.118,Central
OFF-AP-10000027,"Hoover Commercial SteamVac","Office Supplies",Appliances,-6.790,Central
OFF-AP-10000804,"Hoover Portapower Portable Vacuum","Office Supplies",Appliances,-2.464,Central
OFF-AP-10002906,"Hoover Replacement Belt for Commercial Guardsman Heavy-Duty Upright Vacuum","Office Supplies",Appliances,-1.110,Central
OFF-AP-10004052,"Hoover Replacement Belts For Soft Guard & Commercial Ltweight Upright Vacs, 2/Pk","Office Supplies",Appliances,-2.133,Central
OFF-AP-10003849,"Hoover Shoulder Vac Commercial Portable Vacuum","Office Supplies",Appliances,-196.801,Central
OFF-AP-10002651,"Hoover Upright Vacuum With Dirt Cup","Office Supplies",Appliances,-147.660,Central
FUR-FU-10001215,"Howard Miller 11-1/2" Diameter Brentwood Wall Clock",Furniture,Furnishings,-7.763,Central
FUR-FU-10003039,"Howard Miller 11-1/2" Diameter Grantwood Wall Clock",Furniture,Furnishings,-11.214,Central
FUR-FU-10000965,"Howard Miller 11-1/2" Diameter Ridgewood Wall Clock",Furniture,Furnishings,-9.869,Central
FUR-FU-10003930,"Howard Miller 12-3/4 Diameter Accuwave DS  Wall Clock",Furniture,Furnishings,-14.164,Central
FUR-FU-10003553,"Howard Miller 13-1/2" Diameter Rosebrook Wall Clock",Furniture,Furnishings,-13.754,Central
FUR-FU-10004848,"Howard Miller 13-3/4" Diameter Brushed Chrome Round Wall Clock",Furniture,Furnishings,-15.525,Central
FUR-FU-10004091,"Howard Miller 13" Diameter Goldtone Round Wall Clock",Furniture,Furnishings,-8.919,Central
FUR-FU-10004864,"Howard Miller 14-1/2" Diameter Chrome Round Wall Clock",Furniture,Furnishings,-17.903,Central
FUR-FU-10004748,"Howard Miller 16" Diameter Gallery Wall Clock",Furniture,Furnishings,-13.427,Central
FUR-FU-10003535,"Howard Miller Distant Time Traveler Alarm Clock",Furniture,Furnishings,-5.210,Central
TEC-MA-10001127,"HP Designjet T520 Inkjet Large Format Printer - 24" Color",Technology,Machines,-314.998,South
TEC-PH-10001552,"I Need's 3d Hello Kitty Hybrid Silicone Case Cover for HTC One X 4g with 3d Hello Kitty Stylus Pen Green/pink",Technology,Phones,-1.435,East
TEC-PH-10003800,"i.Sound Portable Power - 8000 mAh",Technology,Phones,-10.068,West
OFF-BI-10004965,"Ibico Covers for Plastic or Wire Binding Elements","Office Supplies",Binders,-4.025,Central
OFF-BI-10004318,"Ibico EB-19 Dual Function Manual Binding System","Office Supplies",Binders,-41.518,East
OFF-BI-10001120,"Ibico EPK-21 Electric Binding System","Office Supplies",Binders,-585.897,Central
OFF-BI-10004632,"Ibico Hi-Tech Manual Binding System","Office Supplies",Binders,-106.747,Central
OFF-BI-10004632,"Ibico Hi-Tech Manual Binding System","Office Supplies",Binders,-76.248,East
OFF-BI-10004600,"Ibico Ibimaster 300 Manual Binding System","Office Supplies",Binders,-91.998,West
OFF-BI-10004593,"Ibico Laser Imprintable Binding System Covers","Office Supplies",Binders,-12.576,South
OFF-BI-10004593,"Ibico Laser Imprintable Binding System Covers","Office Supplies",Binders,-12.576,West
OFF-BI-10001636,"Ibico Plastic and Wire Spiral Binding Combs","Office Supplies",Binders,-2.866,Central
OFF-BI-10001636,"Ibico Plastic and Wire Spiral Binding Combs","Office Supplies",Binders,-2.023,South
OFF-BI-10000977,"Ibico Plastic Spiral Binding Combs","Office Supplies",Binders,-10.336,Central
OFF-BI-10000977,"Ibico Plastic Spiral Binding Combs","Office Supplies",Binders,-7.296,East
OFF-BI-10000977,"Ibico Plastic Spiral Binding Combs","Office Supplies",Binders,-7.296,South
OFF-BI-10002003,"Ibico Presentation Index for Binding Systems","Office Supplies",Binders,-1.313,Central
OFF-BI-10002003,"Ibico Presentation Index for Binding Systems","Office Supplies",Binders,-0.915,South
OFF-BI-10001153,"Ibico Recycled Grain-Textured Covers","Office Supplies",Binders,-6.908,East
OFF-BI-10001153,"Ibico Recycled Grain-Textured Covers","Office Supplies",Binders,-6.908,South
OFF-BI-10002026,"Ibico Recycled Linen-Style Covers","Office Supplies",Binders,-12.499,Central
OFF-BI-10002852,"Ibico Standard Transparent Covers","Office Supplies",Binders,-5.109,Central
OFF-BI-10002852,"Ibico Standard Transparent Covers","Office Supplies",Binders,-3.461,East
OFF-BI-10002852,"Ibico Standard Transparent Covers","Office Supplies",Binders,-3.461,South
FUR-TA-10002530,"Iceberg OfficeWorks 42" Round Tables",Furniture,Tables,-22.647,Central
FUR-TA-10002530,"Iceberg OfficeWorks 42" Round Tables",Furniture,Tables,-37.745,East
FUR-TA-10002530,"Iceberg OfficeWorks 42" Round Tables",Furniture,Tables,-52.843,West
FUR-TA-10002530,"Iceberg OfficeWorks 42" Round Tables",Furniture,Tables,-7.549,West
TEC-PH-10001924,"iHome FM Clock Radio with Lightning Dock",Technology,Phones,-10.499,East
TEC-AC-10004877,"Imation 30456 USB Flash Drive 8GB",Technology,Accessories,-0.828,South
TEC-AC-10002167,"Imation 8gb Micro Traveldrive Usb 2.0 Flash Drive",Technology,Accessories,-1.350,Central
TEC-AC-10002167,"Imation 8gb Micro Traveldrive Usb 2.0 Flash Drive",Technology,Accessories,-1.350,East
TEC-AC-10002167,"Imation 8gb Micro Traveldrive Usb 2.0 Flash Drive",Technology,Accessories,-1.350,South
TEC-AC-10003027,"Imation 8GB Mini TravelDrive USB 2.0 Flash Drive",Technology,Accessories,-2.113,West
TEC-AC-10002217,"Imation Clip USB flash drive - 8 GB",Technology,Accessories,-2.632,Central
TEC-AC-10002217,"Imation Clip USB flash drive - 8 GB",Technology,Accessories,-2.632,West
OFF-BI-10004141,"Insertable Tab Indexes For Data Binders","Office Supplies",Binders,-1.081,Central
OFF-BI-10004141,"Insertable Tab Indexes For Data Binders","Office Supplies",Binders,-0.763,East
OFF-BI-10000773,"Insertable Tab Post Binder Dividers","Office Supplies",Binders,-2.647,Central
OFF-BI-10000773,"Insertable Tab Post Binder Dividers","Office Supplies",Binders,-1.845,East
OFF-BI-10000773,"Insertable Tab Post Binder Dividers","Office Supplies",Binders,-1.845,South
OFF-BI-10000773,"Insertable Tab Post Binder Dividers","Office Supplies",Binders,-1.845,West
TEC-PH-10002583,"iOttie HLCRIO102 Car Mount",Technology,Phones,-6.997,East
TEC-PH-10002583,"iOttie HLCRIO102 Car Mount",Technology,Phones,-2.999,West
TEC-PH-10000127,"iOttie XL Car Mount",Technology,Phones,-3.598,South
TEC-PH-10000127,"iOttie XL Car Mount",Technology,Phones,-3.598,West
OFF-ST-10002182,"Iris 3-Drawer Stacking Bin, Black","Office Supplies",Storage,-3.760,Central
OFF-ST-10002182,"Iris 3-Drawer Stacking Bin, Black","Office Supplies",Storage,-3.760,South
TEC-PH-10002824,"Jabra SPEAK 410 Multidevice Speakerphone",Technology,Phones,-30.899,East
TEC-PH-10003811,"Jabra Supreme Plus Driver Edition Headset",Technology,Phones,-14.399,East
TEC-PH-10000038,"Jawbone MINI JAMBOX Wireless Bluetooth Speaker",Technology,Phones,-21.917,Central
TEC-PH-10000038,"Jawbone MINI JAMBOX Wireless Bluetooth Speaker",Technology,Phones,-21.917,West
TEC-PH-10003931,"JBL Micro Wireless Portable Bluetooth Speaker",Technology,Phones,-8.999,East
OFF-BI-10004826,"JM Magazine Binder","Office Supplies",Binders,-3.632,East
OFF-AP-10004487,"Kensington 4 Outlet MasterPiece Compact Power Control Center","Office Supplies",Appliances,-42.286,Central
OFF-AP-10004136,"Kensington 6 Outlet SmartSocket Surge Protector","Office Supplies",Appliances,-22.539,Central
OFF-AP-10000891,"Kensington 7 Outlet MasterPiece HOMEOFFICE Power Control Center","Office Supplies",Appliances,-65.560,Central
OFF-AP-10002518,"Kensington 7 Outlet MasterPiece Power Center","Office Supplies",Appliances,-90.770,Central
TEC-AC-10000387,"KeyTronic KT800P2 - Keyboard - Black",Technology,Accessories,-0.300,Central
TEC-AC-10000387,"KeyTronic KT800P2 - Keyboard - Black",Technology,Accessories,-0.300,East
FUR-TA-10004086,"KI Adjustable-Height Table",Furniture,Tables,-24.074,Central
FUR-TA-10004086,"KI Adjustable-Height Table",Furniture,Tables,-6.878,Central
FUR-TA-10001039,"KI Adjustable-Height Table",Furniture,Tables,-12.037,East
FUR-TA-10001039,"KI Adjustable-Height Table",Furniture,Tables,-3.439,East
FUR-TA-10004086,"KI Adjustable-Height Table",Furniture,Tables,-15.476,East
FUR-TA-10001039,"KI Adjustable-Height Table",Furniture,Tables,-16.336,South
FUR-TA-10001039,"KI Adjustable-Height Table",Furniture,Tables,-12.037,South
FUR-TA-10001039,"KI Adjustable-Height Table",Furniture,Tables,-20.635,West
FUR-TA-10002607,"KI Conference Tables",Furniture,Tables,-24.103,Central
FUR-TA-10002607,"KI Conference Tables",Furniture,Tables,-9.925,Central
FUR-TA-10002607,"KI Conference Tables",Furniture,Tables,-17.014,East
FUR-TA-10002607,"KI Conference Tables",Furniture,Tables,-24.103,West
FUR-TA-10002607,"KI Conference Tables",Furniture,Tables,-2.836,West
TEC-AC-10003038,"Kingston Digital DataTraveler 16GB USB 2.0",Technology,Accessories,-0.090,Central
TEC-AC-10003038,"Kingston Digital DataTraveler 16GB USB 2.0",Technology,Accessories,-0.090,West
TEC-AC-10003441,"Kingston Digital DataTraveler 32GB USB 2.0",Technology,Accessories,-2.373,Central
TEC-AC-10003441,"Kingston Digital DataTraveler 32GB USB 2.0",Technology,Accessories,-2.373,East
TEC-AC-10000199,"Kingston Digital DataTraveler 8GB USB 2.0",Technology,Accessories,-0.357,Central
TEC-AC-10000199,"Kingston Digital DataTraveler 8GB USB 2.0",Technology,Accessories,-0.357,East
FUR-TA-10002774,"Laminate Occasional Tables",Furniture,Tables,-20.037,Central
FUR-TA-10002774,"Laminate Occasional Tables",Furniture,Tables,-4.624,West
OFF-BI-10003719,"Large Capacity Hanging Post Binders","Office Supplies",Binders,-5.988,East
OFF-BI-10003719,"Large Capacity Hanging Post Binders","Office Supplies",Binders,-5.988,South
FUR-CH-10002961,"Leather Task Chair, Black",Furniture,Chairs,-9.098,East
FUR-TA-10003008,"Lesro Round Back Collection Coffee Table, End Table",Furniture,Tables,-67.544,Central
FUR-TA-10003008,"Lesro Round Back Collection Coffee Table, End Table",Furniture,Tables,-31.034,Central
FUR-TA-10003008,"Lesro Round Back Collection Coffee Table, End Table",Furniture,Tables,-49.289,East
FUR-TA-10003008,"Lesro Round Back Collection Coffee Table, End Table",Furniture,Tables,-49.289,South
FUR-TA-10003008,"Lesro Round Back Collection Coffee Table, End Table",Furniture,Tables,-67.544,West
FUR-TA-10003008,"Lesro Round Back Collection Coffee Table, End Table",Furniture,Tables,-12.779,West
FUR-TA-10001520,"Lesro Sheffield Collection Coffee Table, End Table, Center Table, Corner Table",Furniture,Tables,-9.278,Central
FUR-TA-10001520,"Lesro Sheffield Collection Coffee Table, End Table, Center Table, Corner Table",Furniture,Tables,-9.278,East
FUR-TA-10001520,"Lesro Sheffield Collection Coffee Table, End Table, Center Table, Corner Table",Furniture,Tables,-2.141,West
TEC-MA-10004626,"Lexmark 20R1285 X6650 Wireless All-in-One Printer",Technology,Machines,-3.600,South
TEC-MA-10001681,"Lexmark MarkNet N8150 Wireless Print Server",Technology,Machines,-84.410,East
TEC-MA-10000822,"Lexmark MX611dhe Monochrome Laser Printer",Technology,Machines,-169.999,Central
TEC-MA-10000822,"Lexmark MX611dhe Monochrome Laser Printer",Technology,Machines,-679.996,West
TEC-MA-10000597,"Lexmark S315 Color Inkjet Printer",Technology,Machines,-22.998,West
TEC-PH-10003988,"LF Elite 3D Dazzle Designer Hard Case Cover, Lf Stylus Pen and Wiper For Apple Iphone 5c Mini Lite",Technology,Phones,-1.308,East
TEC-PH-10002262,"LG Electronics Tone+ HBS-730 Bluetooth Headset",Technology,Phones,-7.141,East
TEC-PH-10002789,"LG Exalt",Technology,Phones,-20.279,East
TEC-PH-10002645,"LG G2",Technology,Phones,-74.999,East
FUR-CH-10004675,"Lifetime Advantage Folding Chairs, 4/Carton",Furniture,Chairs,-4.362,Central
FUR-FU-10003878,"Linden 10" Round Wall Clock, Black",Furniture,Furnishings,-3.973,Central
OFF-BI-10003984,"Lock-Up Easel 'Spel-Binder'","Office Supplies",Binders,-6.562,East
OFF-BI-10003984,"Lock-Up Easel 'Spel-Binder'","Office Supplies",Binders,-6.562,South
OFF-BI-10003984,"Lock-Up Easel 'Spel-Binder'","Office Supplies",Binders,-6.562,West
TEC-PH-10002923,"Logitech B530 USB Headset - headset - Full size, Binaural",Technology,Phones,-4.809,East
TEC-AC-10004510,"Logitech Desktop MK120 Mouse and keyboard Combo",Technology,Accessories,-1.636,Central
TEC-AC-10003023,"Logitech G105 Gaming Keyboard",Technology,Accessories,-1.187,Central
TEC-AC-10003023,"Logitech G105 Gaming Keyboard",Technology,Accessories,-1.187,East
TEC-AC-10000580,"Logitech G13 Programmable Gameboard with LCD Display",Technology,Accessories,-7.199,Central
TEC-AC-10000580,"Logitech G13 Programmable Gameboard with LCD Display",Technology,Accessories,-7.199,East
TEC-AC-10002049,"Logitech G19 Programmable Gaming Keyboard",Technology,Accessories,-2.480,Central
TEC-AC-10001552,"Logitech K350 2.4Ghz Wireless Keyboard",Technology,Accessories,-4.479,Central
TEC-AC-10001552,"Logitech K350 2.4Ghz Wireless Keyboard",Technology,Accessories,-4.479,West
TEC-AC-10004396,"Logitech Keyboard K120",Technology,Accessories,-1.634,Central
TEC-AC-10004396,"Logitech Keyboard K120",Technology,Accessories,-1.634,South
TEC-AC-10004396,"Logitech Keyboard K120",Technology,Accessories,-1.634,West
TEC-AC-10002335,"Logitech Media Keyboard K200",Technology,Accessories,-0.350,East
TEC-AC-10002335,"Logitech Media Keyboard K200",Technology,Accessories,-0.350,South
TEC-AC-10003832,"Logitech P710e Mobile Speakerphone",Technology,Accessories,-2.575,East
TEC-AC-10003832,"Logitech P710e Mobile Speakerphone",Technology,Accessories,-2.575,South
TEC-AC-10002637,"Logitech VX Revolution Cordless Laser Mouse for Notebooks (Black)",Technology,Accessories,-25.199,East
TEC-AC-10002637,"Logitech VX Revolution Cordless Laser Mouse for Notebooks (Black)",Technology,Accessories,-25.199,South
TEC-AC-10001383,"Logitech Wireless Touch Keyboard K400",Technology,Accessories,-0.750,Central
FUR-FU-10001706,"Longer-Life Soft White Bulbs",Furniture,Furnishings,-0.370,Central
TEC-PH-10001870,"Lunatik TT5L-002 Taktik Strike Impact Protection System for iPhone 5",Technology,Phones,-9.185,East
FUR-FU-10000576,"Luxo Professional Fluorescent Magnifier Lamp with Clamp-Mount Base",Furniture,Furnishings,-71.346,Central
FUR-FU-10004071,"Luxo Professional Magnifying Clamp-On Fluorescent Lamps",Furniture,Furnishings,-6.241,East
TEC-PH-10004833,"Macally Suction Cup Mount",Technology,Phones,-2.390,West
OFF-SU-10002881,"Martin Yale Chadless Opener Electric Letter Opener","Office Supplies",Supplies,-149.906,East
OFF-SU-10002881,"Martin Yale Chadless Opener Electric Letter Opener","Office Supplies",Supplies,-149.906,West
OFF-SU-10004498,"Martin-Yale Premier Letter Opener","Office Supplies",Supplies,-2.190,Central
OFF-SU-10004498,"Martin-Yale Premier Letter Opener","Office Supplies",Supplies,-2.190,East
OFF-SU-10004498,"Martin-Yale Premier Letter Opener","Office Supplies",Supplies,-2.190,South
FUR-FU-10000221,"Master Caster Door Stop, Brown",Furniture,Furnishings,-1.321,Central
FUR-FU-10002963,"Master Caster Door Stop, Gray",Furniture,Furnishings,-1.321,Central
FUR-FU-10002111,"Master Caster Door Stop, Large Brown",Furniture,Furnishings,-1.602,Central
FUR-FU-10002456,"Master Caster Door Stop, Large Neon Orange",Furniture,Furnishings,-1.238,Central
TEC-AC-10004568,"Maxell LTO Ultrium - 800 GB",Technology,Accessories,-0.280,Central
TEC-AC-10004568,"Maxell LTO Ultrium - 800 GB",Technology,Accessories,-0.280,South
OFF-BI-10000216,"Mead 1st Gear 2" Zipper Binder, Asst. Colors","Office Supplies",Binders,-2.594,East
OFF-BI-10000216,"Mead 1st Gear 2" Zipper Binder, Asst. Colors","Office Supplies",Binders,-2.594,South
TEC-PH-10004897,"Mediabridge Sport Armband iPhone 5s",Technology,Phones,-3.896,East
TEC-PH-10004897,"Mediabridge Sport Armband iPhone 5s",Technology,Phones,-1.898,South
TEC-PH-10004897,"Mediabridge Sport Armband iPhone 5s",Technology,Phones,-1.898,West
TEC-AC-10002550,"Memorex 25GB 6X Branded Blu-Ray Recordable Disc, 30/Pack",Technology,Accessories,-4.154,East
TEC-AC-10002550,"Memorex 25GB 6X Branded Blu-Ray Recordable Disc, 30/Pack",Technology,Accessories,-4.154,West
FUR-CH-10000553,"Metal Folding Chairs, Beige, 4/Carton",Furniture,Chairs,-1.018,Central
TEC-AC-10001090,"Micro Innovations Wireless Classic Keyboard with Mouse",Technology,Accessories,-0.600,East
TEC-AC-10002076,"Microsoft Natural Keyboard Elite",Technology,Accessories,-2.994,Central
TEC-AC-10002076,"Microsoft Natural Keyboard Elite",Technology,Accessories,-2.994,West
TEC-PH-10004165,"Mitel MiVoice 5330e IP Phone",Technology,Phones,-38.499,East
TEC-PH-10001425,"Mophie Juice Pack Helium for iPhone",Technology,Phones,-9.599,East
TEC-PH-10001128,"Motorola Droid Maxx",Technology,Phones,-17.999,East
TEC-PH-10003555,"Motorola HK250 Universal Bluetooth Headset",Technology,Phones,-4.138,Central
TEC-PH-10003555,"Motorola HK250 Universal Bluetooth Headset",Technology,Phones,-4.138,South
TEC-PH-10003555,"Motorola HK250 Universal Bluetooth Headset",Technology,Phones,-4.138,West
TEC-PH-10003092,"Motorola L804",Technology,Phones,-5.059,East
OFF-BI-10002954,"Newell 3-Hole Punched Plastic Slotted Magazine Holders for Binders","Office Supplies",Binders,-1.462,Central
OFF-BI-10002954,"Newell 3-Hole Punched Plastic Slotted Magazine Holders for Binders","Office Supplies",Binders,-1.005,East
OFF-BI-10002954,"Newell 3-Hole Punched Plastic Slotted Magazine Holders for Binders","Office Supplies",Binders,-1.005,South
TEC-PH-10004896,"Nokia Lumia 521 (T-Mobile)",Technology,Phones,-3.599,East
TEC-PH-10002555,"Nortel Meridian M5316 Digital phone",Technology,Phones,-36.253,East
FUR-CH-10003833,"Novimex Fabric Task Chair",Furniture,Chairs,-9.147,East
FUR-CH-10003833,"Novimex Fabric Task Chair",Furniture,Chairs,-3.049,South
FUR-CH-10003833,"Novimex Fabric Task Chair",Furniture,Chairs,-3.049,West
FUR-CH-10003956,"Novimex High-Tech Fabric Mesh Task Chair",Furniture,Chairs,-9.227,West
FUR-CH-10000863,"Novimex Swivel Fabric Task Chair",Furniture,Chairs,-28.686,Central
FUR-CH-10000863,"Novimex Swivel Fabric Task Chair",Furniture,Chairs,-28.686,East
FUR-CH-10000863,"Novimex Swivel Fabric Task Chair",Furniture,Chairs,-13.588,West
FUR-CH-10003968,"Novimex Turbo Task Chair",Furniture,Chairs,-5.678,West
FUR-FU-10002501,"Nu-Dell Executive Frame",Furniture,Furnishings,-2.907,Central
FUR-FU-10002240,"Nu-Dell EZ-Mount Plastic Wall Frames",Furniture,Furnishings,-0.788,Central
FUR-FU-10002088,"Nu-Dell Float Frame 11 x 14 1/2",Furniture,Furnishings,-1.616,Central
FUR-BO-10004695,"O'Sullivan 2-Door Barrister Bookcase in Odessa Pine",Furniture,Bookcases,-48.865,East
FUR-BO-10000468,"O'Sullivan 2-Shelf Heavy-Duty Bookcases",Furniture,Bookcases,-1.943,South
FUR-BO-10000468,"O'Sullivan 2-Shelf Heavy-Duty Bookcases",Furniture,Bookcases,-26.233,West
FUR-BO-10001519,"O'Sullivan 3-Shelf Heavy-Duty Bookcases",Furniture,Bookcases,-15.116,East
FUR-BO-10001972,"O'Sullivan 4-Shelf Bookcase in Odessa Pine",Furniture,Bookcases,-39.923,East
FUR-BO-10001972,"O'Sullivan 4-Shelf Bookcase in Odessa Pine",Furniture,Bookcases,-3.629,South
FUR-BO-10001972,"O'Sullivan 4-Shelf Bookcase in Odessa Pine",Furniture,Bookcases,-64.119,West
FUR-BO-10002853,"O'Sullivan 5-Shelf Heavy-Duty Bookcases",Furniture,Bookcases,-20.485,East
FUR-BO-10004690,"O'Sullivan Cherrywood Estates Traditional Barrister Bookcase",Furniture,Bookcases,-31.620,Central
FUR-BO-10003034,"O'Sullivan Elevations Bookcase, Cherry Finish",Furniture,Bookcases,-18.337,Central
FUR-BO-10003034,"O'Sullivan Elevations Bookcase, Cherry Finish",Furniture,Bookcases,-5.239,East
FUR-BO-10001337,"O'Sullivan Living Dimensions 2-Shelf Bookcases",Furniture,Bookcases,-12.098,South
FUR-BO-10001337,"O'Sullivan Living Dimensions 2-Shelf Bookcases",Furniture,Bookcases,-6.049,West
FUR-BO-10004357,"O'Sullivan Living Dimensions 3-Shelf Bookcases",Furniture,Bookcases,-80.392,East
FUR-BO-10004357,"O'Sullivan Living Dimensions 3-Shelf Bookcases",Furniture,Bookcases,-10.049,West
FUR-BO-10003272,"O'Sullivan Living Dimensions 5-Shelf Bookcases",Furniture,Bookcases,-48.616,Central
FUR-BO-10003272,"O'Sullivan Living Dimensions 5-Shelf Bookcases",Furniture,Bookcases,-22.098,East
FUR-BO-10003965,"O'Sullivan Manor Hill 2-Door Library in Brianna Oak",Furniture,Bookcases,-38.006,Central
FUR-BO-10003965,"O'Sullivan Manor Hill 2-Door Library in Brianna Oak",Furniture,Bookcases,-16.288,South
FUR-BO-10003965,"O'Sullivan Manor Hill 2-Door Library in Brianna Oak",Furniture,Bookcases,-7.239,West
FUR-BO-10000780,"O'Sullivan Plantations 2-Door Library in Landvery Oak",Furniture,Bookcases,-32.157,Central
FUR-BO-10000780,"O'Sullivan Plantations 2-Door Library in Landvery Oak",Furniture,Bookcases,-68.333,East
FUR-BO-10000780,"O'Sullivan Plantations 2-Door Library in Landvery Oak",Furniture,Bookcases,-8.039,East
FUR-TA-10004915,"Office Impressions End Table, 20-1/2"H x 24"W x 20"D",Furniture,Tables,-42.526,Central
FUR-TA-10004915,"Office Impressions End Table, 20-1/2"H x 24"W x 20"D",Furniture,Tables,-42.526,East
OFF-ST-10001097,"Office Impressions Heavy Duty Welded Shelving & Multimedia Storage Drawers","Office Supplies",Storage,-33.454,West
FUR-CH-10001708,"Office Star - Contemporary Swivel Chair with Padded Adjustable Arms and Flex Back",Furniture,Chairs,-12.688,Central
FUR-CH-10003199,"Office Star - Contemporary Task Swivel Chair",Furniture,Chairs,-6.659,Central
FUR-CH-10003199,"Office Star - Contemporary Task Swivel Chair",Furniture,Chairs,-6.659,East
FUR-CH-10002044,"Office Star - Contemporary Task Swivel chair with 2-way adjustable arms, Plum",Furniture,Chairs,-30.125,Central
FUR-CH-10002044,"Office Star - Contemporary Task Swivel chair with 2-way adjustable arms, Plum",Furniture,Chairs,-17.027,South
FUR-CH-10003298,"Office Star - Contemporary Task Swivel chair with Loop Arms, Charcoal",Furniture,Chairs,-27.506,Central
FUR-CH-10003298,"Office Star - Contemporary Task Swivel chair with Loop Arms, Charcoal",Furniture,Chairs,-27.506,East
FUR-CH-10003298,"Office Star - Contemporary Task Swivel chair with Loop Arms, Charcoal",Furniture,Chairs,-1.310,East
FUR-CH-10003298,"Office Star - Contemporary Task Swivel chair with Loop Arms, Charcoal",Furniture,Chairs,-14.408,South
FUR-CH-10003298,"Office Star - Contemporary Task Swivel chair with Loop Arms, Charcoal",Furniture,Chairs,-14.408,West
FUR-CH-10000749,"Office Star - Ergonomic Mid Back Chair with 2-Way Adjustable Arms",Furniture,Chairs,-7.239,West
FUR-CH-10002372,"Office Star - Ergonomically Designed Knee Chair",Furniture,Chairs,-14.576,Central
FUR-CH-10002372,"Office Star - Ergonomically Designed Knee Chair",Furniture,Chairs,-14.576,East
FUR-CH-10002372,"Office Star - Ergonomically Designed Knee Chair",Furniture,Chairs,-6.478,West
FUR-CH-10001482,"Office Star - Mesh Screen back chair with Vinyl seat",Furniture,Chairs,-24.886,East
FUR-CH-10001482,"Office Star - Mesh Screen back chair with Vinyl seat",Furniture,Chairs,-11.788,South
FUR-CH-10001482,"Office Star - Mesh Screen back chair with Vinyl seat",Furniture,Chairs,-11.788,West
FUR-CH-10004983,"Office Star - Mid Back Dual function Ergonomic High Back Chair with 2-Way Adjustable Arms",Furniture,Chairs,-11.269,Central
FUR-CH-10001973,"Office Star Flex Back Scooter Chair with White Frame",Furniture,Chairs,-17.757,Central
FUR-CH-10001973,"Office Star Flex Back Scooter Chair with White Frame",Furniture,Chairs,-17.757,East
FUR-CH-10001973,"Office Star Flex Back Scooter Chair with White Frame",Furniture,Chairs,-6.659,West
FUR-FU-10000320,"OIC Stacking Trays",Furniture,Furnishings,-0.534,Central
TEC-MA-10003337,"Okidata B401 Printer",Technology,Machines,-83.996,West
TEC-MA-10001972,"Okidata C331dn Printer",Technology,Machines,-48.860,Central
TEC-MA-10003230,"Okidata C610n Printer",Technology,Machines,-6.490,Central
TEC-MA-10001856,"Okidata C610n Printer",Technology,Machines,-136.290,South
TEC-MA-10001148,"Okidata MB491 Multifunction Printer",Technology,Machines,-214.570,East
TEC-PH-10004188,"OtterBox Commuter Series Case - Samsung Galaxy S4",Technology,Phones,-4.498,Central
TEC-PH-10004188,"OtterBox Commuter Series Case - Samsung Galaxy S4",Technology,Phones,-4.498,West
TEC-PH-10004348,"OtterBox Defender Series Case - iPhone 5c",Technology,Phones,-3.698,East
FUR-CH-10004698,"Padded Folding Chairs, Black, 4/Carton",Furniture,Chairs,-1.620,Central
FUR-CH-10004698,"Padded Folding Chairs, Black, 4/Carton",Furniture,Chairs,-1.620,East
TEC-MA-10003356,"Panasonic KX MC6040 Color Laser Multifunction Printer",Technology,Machines,-193.479,West
TEC-PH-10002310,"Panasonic KX T7731-B Digital phone",Technology,Phones,-12.999,East
TEC-PH-10001809,"Panasonic KX T7736-B Digital phone",Technology,Phones,-22.493,East
TEC-PH-10001305,"Panasonic KX TS208W Corded phone",Technology,Phones,-5.879,East
TEC-PH-10004908,"Panasonic KX TS3282W Corded phone",Technology,Phones,-8.499,East
TEC-PH-10001700,"Panasonic KX-TG6844B Expandable Digital Cordless Telephone",Technology,Phones,-8.579,East
TEC-PH-10004093,"Panasonic Kx-TS550",Technology,Phones,-5.059,East
OFF-BI-10004656,"Peel & Stick Add-On Corner Pockets","Office Supplies",Binders,-0.691,Central
OFF-BI-10004656,"Peel & Stick Add-On Corner Pockets","Office Supplies",Binders,-0.475,East
OFF-BI-10004656,"Peel & Stick Add-On Corner Pockets","Office Supplies",Binders,-0.475,West
TEC-MA-10003493,"Penpower WorldCard Pro Card Scanner",Technology,Machines,-1.830,South
